employee_id,date,check_in,check_out,status,overtime_minutes
EMP001,2026-01-01,07:43:00,17:01:00,present,0
EMP002,2026-01-01,07:48:00,17:10:00,present,0
EMP003,2026-01-01,07:38:00,19:52:00,present,168
EMP004,2026-01-01,07:51:00,20:01:00,present,173
EMP005,2026-01-01,07:44:00,17:05:00,present,0
EMP006,2026-01-01,07:54:00,17:00:00,present,0
EMP007,2026-01-01,07:41:00,17:08:00,present,0
EMP008,2026-01-01,07:44:00,17:02:00,present,0
EMP009,2026-01-01,07:36:00,19:31:00,present,145
EMP010,2026-01-01,07:52:00,17:01:00,present,0
EMP011,2026-01-01,07:47:00,17:04:00,present,0
EMP012,2026-01-01,09:07:00,17:01:00,late,0
EMP013,2026-01-01,08:00:00,17:08:00,present,0
EMP014,2026-01-01,07:51:00,17:04:00,present,0
EMP015,2026-01-01,08:02:00,17:08:00,present,0
EMP016,2026-01-01,09:11:00,18:48:00,late,98
EMP017,2026-01-01,07:58:00,17:10:00,present,0
EMP018,2026-01-01,07:42:00,17:04:00,present,0
EMP019,2026-01-01,07:53:00,17:03:00,present,0
EMP020,2026-01-01,07:54:00,17:00:00,present,0
EMP021,2026-01-01,07:55:00,17:07:00,present,0
EMP022,2026-01-01,07:45:00,17:04:00,present,0
EMP023,2026-01-01,07:50:00,17:03:00,present,0
EMP024,2026-01-01,08:05:00,17:07:00,present,0
EMP025,2026-01-01,07:59:00,17:03:00,present,0
EMP026,2026-01-01,07:41:00,17:03:00,present,0
EMP027,2026-01-01,08:47:00,17:01:00,late,0
EMP028,2026-01-01,08:10:00,17:07:00,present,0
EMP029,2026-01-01,08:10:00,17:02:00,present,0
EMP030,2026-01-01,07:50:00,17:04:00,present,0
EMP031,2026-01-01,07:52:00,17:04:00,present,0
EMP032,2026-01-01,08:35:00,17:02:00,late,0
EMP033,2026-01-01,08:09:00,17:00:00,present,0
EMP034,2026-01-01,07:36:00,17:09:00,present,0
EMP035,2026-01-01,07:59:00,17:06:00,present,0
EMP036,2026-01-01,08:06:00,17:06:00,present,0
EMP037,2026-01-01,08:00:00,17:07:00,present,0
EMP038,2026-01-01,08:00:00,17:10:00,present,0
EMP039,2026-01-01,08:04:00,17:04:00,present,0
EMP040,2026-01-01,07:59:00,17:06:00,present,0
EMP041,2026-01-01,,,absent,0
EMP042,2026-01-01,07:57:00,17:01:00,present,0
EMP043,2026-01-01,07:50:00,17:00:00,present,0
EMP044,2026-01-01,07:42:00,17:03:00,present,0
EMP045,2026-01-01,07:42:00,17:04:00,present,0
EMP046,2026-01-01,07:59:00,18:51:00,present,110
EMP047,2026-01-01,07:54:00,17:01:00,present,0
EMP048,2026-01-01,07:58:00,18:57:00,present,112
EMP049,2026-01-01,07:58:00,17:07:00,present,0
EMP050,2026-01-01,07:52:00,17:07:00,present,0
EMP001,2026-01-02,07:55:00,17:01:00,present,0
EMP002,2026-01-02,07:59:00,20:11:00,present,186
EMP003,2026-01-02,07:56:00,20:36:00,present,212
EMP004,2026-01-02,07:50:00,17:03:00,present,0
EMP005,2026-01-02,07:40:00,17:06:00,present,0
EMP006,2026-01-02,08:05:00,17:05:00,present,0
EMP007,2026-01-02,08:04:00,17:04:00,present,0
EMP008,2026-01-02,08:09:00,17:03:00,present,0
EMP009,2026-01-02,08:08:00,17:03:00,present,0
EMP010,2026-01-02,08:09:00,17:00:00,present,0
EMP011,2026-01-02,07:43:00,17:01:00,present,0
EMP012,2026-01-02,08:39:00,17:04:00,late,0
EMP013,2026-01-02,08:00:00,17:09:00,present,0
EMP014,2026-01-02,07:54:00,18:02:00,present,61
EMP015,2026-01-02,08:08:00,17:07:00,present,0
EMP016,2026-01-02,07:38:00,17:01:00,present,0
EMP017,2026-01-02,07:40:00,17:02:00,present,0
EMP018,2026-01-02,08:05:00,17:03:00,present,0
EMP019,2026-01-02,07:39:00,17:04:00,present,0
EMP020,2026-01-02,08:02:00,17:03:00,present,0
EMP021,2026-01-02,08:37:00,17:09:00,late,0
EMP022,2026-01-02,07:42:00,17:04:00,present,0
EMP023,2026-01-02,08:06:00,17:09:00,present,0
EMP024,2026-01-02,07:51:00,19:08:00,present,118
EMP025,2026-01-02,07:52:00,17:02:00,present,0
EMP026,2026-01-02,07:46:00,17:06:00,present,0
EMP027,2026-01-02,08:58:00,17:01:00,late,0
EMP028,2026-01-02,07:53:00,17:06:00,present,0
EMP029,2026-01-02,07:55:00,17:01:00,present,0
EMP030,2026-01-02,07:35:00,17:08:00,present,0
EMP031,2026-01-02,08:06:00,17:00:00,present,0
EMP032,2026-01-02,08:06:00,17:10:00,present,0
EMP033,2026-01-02,08:10:00,18:23:00,present,82
EMP034,2026-01-02,07:42:00,17:02:00,present,0
EMP035,2026-01-02,07:52:00,17:07:00,present,0
EMP036,2026-01-02,08:07:00,17:02:00,present,0
EMP037,2026-01-02,08:01:00,17:08:00,present,0
EMP037,2026-01-02,08:01:00,17:08:00,present,0
EMP038,2026-01-02,08:06:00,17:07:00,present,0
EMP039,2026-01-02,08:09:00,17:05:00,present,0
EMP040,2026-01-02,07:59:00,17:06:00,present,0
EMP041,2026-01-02,07:59:00,17:10:00,present,0
EMP042,2026-01-02,07:37:00,17:09:00,present,0
EMP043,2026-01-02,07:41:00,17:07:00,present,0
EMP044,2026-01-02,07:44:00,18:08:00,present,63
EMP045,2026-01-02,07:56:00,17:06:00,present,0
EMP046,2026-01-02,08:06:00,17:41:00,present,38
EMP047,2026-01-02,07:40:00,18:52:00,present,111
EMP048,2026-01-02,08:23:00,17:05:00,late,0
EMP049,2026-01-02,07:46:00,17:01:00,present,0
EMP050,2026-01-02,08:06:00,17:07:00,present,0
EMP001,2026-01-05,08:04:00,17:10:00,present,0
EMP002,2026-01-05,07:54:00,17:04:00,present,0
EMP003,2026-01-05,08:05:00,19:46:00,present,157
EMP004,2026-01-05,07:36:00,,present,0
EMP005,2026-01-05,08:06:00,17:04:00,present,0
EMP006,2026-01-05,07:49:00,17:09:00,present,0
EMP007,2026-01-05,07:43:00,17:10:00,present,0
EMP008,2026-01-05,07:58:00,18:12:00,present,67
EMP009,2026-01-05,08:09:00,17:08:00,present,0
EMP010,2026-01-05,08:05:00,17:04:00,present,0
EMP011,2026-01-05,07:39:00,19:07:00,present,117
EMP012,2026-01-05,07:56:00,18:20:00,present,80
EMP013,2026-01-05,07:51:00,17:10:00,present,0
EMP014,2026-01-05,07:36:00,17:08:00,present,0
EMP015,2026-01-05,08:04:00,17:04:00,present,0
EMP016,2026-01-05,09:19:00,17:03:00,late,0
EMP017,2026-01-05,08:09:00,17:02:00,present,0
EMP018,2026-01-05,08:01:00,17:04:00,present,0
EMP019,2026-01-05,07:50:00,17:01:00,present,0
EMP020,2026-01-05,07:38:00,17:03:00,present,0
EMP021,2026-01-05,08:43:00,17:09:00,late,0
EMP022,2026-01-05,07:43:00,17:03:00,present,0
EMP023,2026-01-05,07:48:00,17:03:00,present,0
EMP024,2026-01-05,07:35:00,18:39:00,present,97
EMP025,2026-01-05,07:36:00,17:05:00,present,0
EMP026,2026-01-05,07:46:00,17:02:00,present,0
EMP027,2026-01-05,07:58:00,17:01:00,present,0
EMP028,2026-01-05,08:08:00,17:10:00,present,0
EMP029,2026-01-05,08:00:00,17:01:00,present,0
EMP030,2026-01-05,07:40:00,17:02:00,present,0
EMP031,2026-01-05,08:10:00,17:06:00,present,0
EMP032,2026-01-05,07:41:00,17:01:00,present,0
EMP033,2026-01-05,07:48:00,17:03:00,present,0
EMP034,2026-01-05,07:41:00,17:05:00,present,0
EMP035,2026-01-05,08:05:00,17:41:00,present,40
EMP036,2026-01-05,08:23:00,17:08:00,late,0
EMP037,2026-01-05,08:02:00,17:00:00,present,0
EMP038,2026-01-05,08:07:00,17:10:00,present,0
EMP039,2026-01-05,08:10:00,17:04:00,present,0
EMP040,2026-01-05,08:10:00,18:58:00,present,114
EMP041,2026-01-05,07:56:00,17:02:00,present,0
EMP042,2026-01-05,07:44:00,17:00:00,present,0
EMP043,2026-01-05,08:04:00,17:05:00,present,0
EMP044,2026-01-05,07:40:00,17:02:00,present,0
EMP045,2026-01-05,07:52:00,17:09:00,present,0
EMP046,2026-01-05,07:42:00,18:32:00,present,88
EMP047,2026-01-05,07:54:00,19:50:00,present,161
EMP048,2026-01-05,07:51:00,,present,0
EMP049,2026-01-05,07:49:00,17:10:00,present,0
EMP050,2026-01-05,07:37:00,17:01:00,present,0
EMP001,2026-01-06,08:01:00,17:06:00,present,0
EMP002,2026-01-06,08:04:00,17:01:00,present,0
EMP003,2026-01-06,08:00:00,17:04:00,present,0
EMP004,2026-01-06,07:39:00,17:08:00,present,0
EMP005,2026-01-06,07:44:00,17:02:00,present,0
EMP006,2026-01-06,07:39:00,17:10:00,present,0
EMP007,2026-01-06,08:03:00,17:09:00,present,0
EMP008,2026-01-06,07:55:00,18:24:00,present,77
EMP009,2026-01-06,07:38:00,18:22:00,present,78
EMP010,2026-01-06,07:53:00,17:50:00,present,41
EMP011,2026-01-06,07:37:00,17:10:00,present,0
EMP012,2026-01-06,07:59:00,17:05:00,present,0
EMP013,2026-01-06,07:37:00,17:07:00,present,0
EMP014,2026-01-06,07:58:00,17:04:00,present,0
EMP015,2026-01-06,08:58:00,17:50:00,late,42
EMP016,2026-01-06,07:44:00,17:09:00,present,0
EMP017,2026-01-06,08:00:00,17:01:00,present,0
EMP018,2026-01-06,07:43:00,17:10:00,present,0
EMP019,2026-01-06,08:07:00,17:05:00,present,0
EMP020,2026-01-06,07:47:00,17:02:00,present,0
EMP021,2026-01-06,08:09:00,17:08:00,present,0
EMP022,2026-01-06,07:43:00,17:02:00,present,0
EMP023,2026-01-06,07:45:00,17:00:00,present,0
EMP024,2026-01-06,08:03:00,17:07:00,present,0
EMP025,2026-01-06,08:05:00,17:03:00,present,0
EMP026,2026-01-06,08:04:00,17:06:00,present,0
EMP027,2026-01-06,08:33:00,17:00:00,late,0
EMP028,2026-01-06,07:41:00,17:08:00,present,0
EMP029,2026-01-06,07:52:00,17:08:00,present,0
EMP030,2026-01-06,07:49:00,17:05:00,present,0
EMP031,2026-01-06,07:58:00,17:01:00,present,0
EMP032,2026-01-06,07:56:00,17:02:00,present,0
EMP033,2026-01-06,07:43:00,17:07:00,present,0
EMP034,2026-01-06,07:51:00,17:02:00,present,0
EMP035,2026-01-06,07:42:00,17:03:00,present,0
EMP036,2026-01-06,08:04:00,18:42:00,present,93
EMP037,2026-01-06,07:44:00,17:00:00,present,0
EMP038,2026-01-06,07:40:00,17:05:00,present,0
EMP039,2026-01-06,08:07:00,17:06:00,present,0
EMP040,2026-01-06,07:58:00,17:00:00,present,0
EMP041,2026-01-06,07:41:00,17:05:00,present,0
EMP042,2026-01-06,07:46:00,17:10:00,present,0
EMP043,2026-01-06,07:43:00,18:28:00,present,88
EMP044,2026-01-06,07:37:00,17:04:00,present,0
EMP045,2026-01-06,07:51:00,20:48:00,present,225
EMP046,2026-01-06,07:56:00,19:40:00,present,154
EMP047,2026-01-06,07:59:00,18:54:00,present,107
EMP048,2026-01-06,08:26:00,17:01:00,late,0
EMP049,2026-01-06,08:29:00,18:58:00,late,114
EMP050,2026-01-06,08:03:00,18:15:00,present,70
EMP001,2026-01-07,07:38:00,18:57:00,present,111
EMP002,2026-01-07,07:36:00,20:45:00,present,215
EMP003,2026-01-07,07:58:00,20:25:00,present,205
EMP004,2026-01-07,07:58:00,17:55:00,present,47
EMP005,2026-01-07,07:36:00,17:07:00,present,0
EMP006,2026-01-07,07:51:00,17:03:00,present,0
EMP007,2026-01-07,08:06:00,17:02:00,present,0
EMP008,2026-01-07,08:03:00,17:05:00,present,0
EMP009,2026-01-07,07:53:00,17:10:00,present,0
EMP010,2026-01-07,07:47:00,17:03:00,present,0
EMP011,2026-01-07,07:58:00,17:02:00,present,0
EMP012,2026-01-07,08:08:00,17:06:00,present,0
EMP013,2026-01-07,07:55:00,17:07:00,present,0
EMP014,2026-01-07,08:10:00,17:02:00,present,0
EMP015,2026-01-07,07:42:00,17:04:00,present,0
EMP016,2026-01-07,09:22:00,17:01:00,late,0
EMP017,2026-01-07,07:43:00,17:09:00,present,0
EMP018,2026-01-07,07:44:00,17:09:00,present,0
EMP019,2026-01-07,07:37:00,17:00:00,present,0
EMP020,2026-01-07,08:42:00,17:06:00,late,0
EMP021,2026-01-07,07:54:00,17:10:00,present,0
EMP022,2026-01-07,07:45:00,17:07:00,present,0
EMP023,2026-01-07,07:55:00,17:05:00,present,0
EMP024,2026-01-07,08:10:00,19:08:00,present,121
EMP025,2026-01-07,07:38:00,17:06:00,present,0
EMP026,2026-01-07,07:45:00,17:09:00,present,0
EMP027,2026-01-07,08:04:00,17:04:00,present,0
EMP028,2026-01-07,08:04:00,17:03:00,present,0
EMP029,2026-01-07,08:05:00,17:00:00,present,0
EMP030,2026-01-07,07:58:00,17:05:00,present,0
EMP031,2026-01-07,07:58:00,17:01:00,present,0
EMP032,2026-01-07,07:42:00,17:01:00,present,0
EMP033,2026-01-07,07:58:00,17:03:00,present,0
EMP034,2026-01-07,07:37:00,17:05:00,present,0
EMP035,2026-01-07,08:07:00,17:09:00,present,0
EMP036,2026-01-07,07:56:00,17:08:00,present,0
EMP037,2026-01-07,07:36:00,17:10:00,present,0
EMP038,2026-01-07,07:36:00,17:04:00,present,0
EMP039,2026-01-07,07:49:00,17:09:00,present,0
EMP040,2026-01-07,07:59:00,17:10:00,present,0
EMP041,2026-01-07,07:47:00,18:16:00,present,70
EMP042,2026-01-07,08:05:00,17:00:00,present,0
EMP043,2026-01-07,08:05:00,17:05:00,present,0
EMP044,2026-01-07,08:09:00,17:10:00,present,0
EMP045,2026-01-07,07:47:00,17:04:00,present,0
EMP046,2026-01-07,07:53:00,17:07:00,present,0
EMP047,2026-01-07,07:52:00,20:36:00,present,206
EMP048,2026-01-07,08:34:00,17:04:00,late,0
EMP049,2026-01-07,08:05:00,17:08:00,present,0
EMP050,2026-01-07,07:41:00,17:03:00,present,0
EMP001,2026-01-08,07:49:00,18:27:00,present,82
EMP002,2026-01-08,07:35:00,17:02:00,present,0
EMP003,2026-01-08,08:05:00,17:04:00,present,0
EMP004,2026-01-08,07:40:00,17:00:00,present,0
EMP005,2026-01-08,08:20:00,17:06:00,late,0
EMP006,2026-01-08,07:53:00,17:00:00,present,0
EMP007,2026-01-08,07:56:00,17:10:00,present,0
EMP008,2026-01-08,08:07:00,17:01:00,present,0
EMP009,2026-01-08,07:46:00,19:30:00,present,146
EMP010,2026-01-08,08:00:00,17:08:00,present,0
EMP011,2026-01-08,07:43:00,17:00:00,present,0
EMP012,2026-01-08,07:54:00,17:09:00,present,0
EMP013,2026-01-08,07:38:00,17:07:00,present,0
EMP014,2026-01-08,07:54:00,17:10:00,present,0
EMP015,2026-01-08,08:33:00,17:07:00,late,0
EMP016,2026-01-08,08:05:00,17:10:00,present,0
EMP017,2026-01-08,07:40:00,17:08:00,present,0
EMP018,2026-01-08,07:38:00,17:08:00,present,0
EMP019,2026-01-08,08:08:00,17:10:00,present,0
EMP020,2026-01-08,07:38:00,17:08:00,present,0
EMP021,2026-01-08,07:54:00,17:06:00,present,0
EMP021,2026-01-08,07:54:00,17:06:00,present,0
EMP022,2026-01-08,07:39:00,18:15:00,present,74
EMP023,2026-01-08,08:05:00,17:02:00,present,0
EMP024,2026-01-08,08:01:00,19:44:00,present,157
EMP025,2026-01-08,08:09:00,17:05:00,present,0
EMP026,2026-01-08,07:43:00,17:03:00,present,0
EMP027,2026-01-08,08:09:00,17:06:00,present,0
EMP028,2026-01-08,07:52:00,17:01:00,present,0
EMP029,2026-01-08,07:36:00,17:01:00,present,0
EMP030,2026-01-08,07:38:00,17:00:00,present,0
EMP031,2026-01-08,07:38:00,17:04:00,present,0
EMP032,2026-01-08,07:55:00,17:02:00,present,0
EMP033,2026-01-08,07:52:00,18:47:00,present,105
EMP034,2026-01-08,07:57:00,17:10:00,present,0
EMP035,2026-01-08,08:01:00,17:06:00,present,0
EMP036,2026-01-08,08:34:00,17:00:00,late,0
EMP037,2026-01-08,07:43:00,17:04:00,present,0
EMP038,2026-01-08,07:58:00,17:54:00,present,54
EMP039,2026-01-08,07:39:00,17:09:00,present,0
EMP040,2026-01-08,07:56:00,17:00:00,present,0
EMP041,2026-01-08,08:05:00,17:09:00,present,0
EMP042,2026-01-08,07:55:00,17:06:00,present,0
EMP043,2026-01-08,07:58:00,17:07:00,present,0
EMP044,2026-01-08,07:55:00,17:05:00,present,0
EMP045,2026-01-08,07:44:00,20:30:00,present,201
EMP046,2026-01-08,07:56:00,20:28:00,present,205
EMP047,2026-01-08,07:51:00,17:10:00,present,0
EMP048,2026-01-08,07:43:00,17:07:00,present,0
EMP049,2026-01-08,08:08:00,17:49:00,present,39
EMP050,2026-01-08,07:49:00,18:38:00,present,98
EMP001,2026-01-09,08:05:00,,present,0
EMP002,2026-01-09,,,absent,0
EMP003,2026-01-09,07:52:00,17:08:00,present,0
EMP004,2026-01-09,07:46:00,18:32:00,present,84
EMP005,2026-01-09,07:52:00,17:01:00,present,0
EMP006,2026-01-09,07:49:00,17:01:00,present,0
EMP007,2026-01-09,07:40:00,17:06:00,present,0
EMP008,2026-01-09,,,absent,0
EMP009,2026-01-09,08:06:00,17:05:00,present,0
EMP010,2026-01-09,08:08:00,17:03:00,present,0
EMP011,2026-01-09,08:05:00,18:29:00,present,79
EMP012,2026-01-09,08:56:00,18:05:00,late,56
EMP013,2026-01-09,07:39:00,17:09:00,present,0
EMP014,2026-01-09,08:09:00,17:02:00,present,0
EMP015,2026-01-09,07:57:00,18:28:00,present,85
EMP016,2026-01-09,08:00:00,17:05:00,present,0
EMP017,2026-01-09,08:06:00,17:08:00,present,0
EMP018,2026-01-09,07:59:00,17:04:00,present,0
EMP019,2026-01-09,07:44:00,17:10:00,present,0
EMP020,2026-01-09,08:55:00,17:04:00,late,0
EMP021,2026-01-09,08:07:00,17:00:00,present,0
EMP022,2026-01-09,07:55:00,17:00:00,present,0
EMP023,2026-01-09,08:10:00,17:03:00,present,0
EMP024,2026-01-09,07:43:00,19:15:00,present,128
EMP025,2026-01-09,07:54:00,17:01:00,present,0
EMP026,2026-01-09,08:06:00,17:03:00,present,0
EMP027,2026-01-09,,,absent,0
EMP028,2026-01-09,07:59:00,17:05:00,present,0
EMP029,2026-01-09,07:43:00,17:09:00,present,0
EMP030,2026-01-09,08:00:00,17:04:00,present,0
EMP031,2026-01-09,07:50:00,17:04:00,present,0
EMP032,2026-01-09,08:09:00,17:08:00,present,0
EMP033,2026-01-09,07:48:00,17:04:00,present,0
EMP034,2026-01-09,08:01:00,17:02:00,present,0
EMP035,2026-01-09,08:02:00,17:01:00,present,0
EMP036,2026-01-09,08:01:00,17:05:00,present,0
EMP037,2026-01-09,07:40:00,17:03:00,present,0
EMP038,2026-01-09,07:37:00,17:10:00,present,0
EMP039,2026-01-09,08:02:00,17:01:00,present,0
EMP040,2026-01-09,07:49:00,17:06:00,present,0
EMP041,2026-01-09,07:44:00,17:00:00,present,0
EMP042,2026-01-09,07:40:00,17:02:00,present,0
EMP043,2026-01-09,08:08:00,17:07:00,present,0
EMP044,2026-01-09,07:39:00,17:01:00,present,0
EMP045,2026-01-09,07:45:00,17:08:00,present,0
EMP046,2026-01-09,08:04:00,19:53:00,present,163
EMP047,2026-01-09,07:36:00,17:07:00,present,0
EMP048,2026-01-09,08:24:00,17:08:00,late,0
EMP049,2026-01-09,09:18:00,17:10:00,late,0
EMP050,2026-01-09,07:42:00,20:06:00,present,177
EMP001,2026-01-12,07:40:00,17:05:00,present,0
EMP002,2026-01-12,07:44:00,17:02:00,present,0
EMP003,2026-01-12,08:09:00,17:02:00,present,0
EMP004,2026-01-12,07:55:00,17:05:00,present,0
EMP005,2026-01-12,08:10:00,17:07:00,present,0
EMP006,2026-01-12,08:03:00,17:01:00,present,0
EMP007,2026-01-12,07:37:00,17:08:00,present,0
EMP008,2026-01-12,08:06:00,17:01:00,present,0
EMP009,2026-01-12,08:09:00,18:34:00,present,86
EMP010,2026-01-12,07:50:00,17:00:00,present,0
EMP011,2026-01-12,08:03:00,17:03:00,present,0
EMP012,2026-01-12,08:04:00,17:02:00,present,0
EMP013,2026-01-12,07:38:00,17:08:00,present,0
EMP014,2026-01-12,07:53:00,17:04:00,present,0
EMP015,2026-01-12,07:43:00,17:06:00,present,0
EMP016,2026-01-12,08:32:00,17:05:00,late,0
EMP017,2026-01-12,08:06:00,17:10:00,present,0
EMP018,2026-01-12,07:40:00,17:04:00,present,0
EMP019,2026-01-12,08:06:00,17:00:00,present,0
EMP020,2026-01-12,07:57:00,17:08:00,present,0
EMP021,2026-01-12,07:55:00,17:05:00,present,0
EMP022,2026-01-12,07:56:00,17:00:00,present,0
EMP023,2026-01-12,07:36:00,17:02:00,present,0
EMP023,2026-01-12,07:36:00,17:02:00,present,0
EMP024,2026-01-12,07:47:00,17:10:00,present,0
EMP025,2026-01-12,07:40:00,17:04:00,present,0
EMP026,2026-01-12,07:38:00,17:04:00,present,0
EMP027,2026-01-12,08:28:00,18:32:00,late,91
EMP028,2026-01-12,07:35:00,18:14:00,present,73
EMP029,2026-01-12,07:39:00,17:01:00,present,0
EMP030,2026-01-12,07:54:00,17:02:00,present,0
EMP031,2026-01-12,07:35:00,17:02:00,present,0
EMP032,2026-01-12,09:08:00,17:07:00,late,0
EMP033,2026-01-12,07:42:00,17:06:00,present,0
EMP034,2026-01-12,07:50:00,17:01:00,present,0
EMP035,2026-01-12,07:53:00,17:00:00,present,0
EMP036,2026-01-12,08:07:00,17:06:00,present,0
EMP037,2026-01-12,07:50:00,17:01:00,present,0
EMP038,2026-01-12,07:35:00,17:05:00,present,0
EMP039,2026-01-12,07:58:00,17:02:00,present,0
EMP040,2026-01-12,07:36:00,17:00:00,present,0
EMP041,2026-01-12,08:00:00,17:10:00,present,0
EMP042,2026-01-12,08:00:00,18:46:00,present,98
EMP043,2026-01-12,08:07:00,17:02:00,present,0
EMP044,2026-01-12,07:39:00,17:06:00,present,0
EMP045,2026-01-12,07:40:00,17:09:00,present,0
EMP046,2026-01-12,07:46:00,18:35:00,present,95
EMP047,2026-01-12,07:51:00,18:36:00,present,92
EMP048,2026-01-12,09:10:00,17:01:00,late,0
EMP049,2026-01-12,08:07:00,17:07:00,present,0
EMP050,2026-01-12,07:41:00,17:01:00,present,0
EMP001,2026-01-13,07:35:00,17:07:00,present,0
EMP002,2026-01-13,07:37:00,17:10:00,present,0
EMP003,2026-01-13,07:55:00,18:28:00,present,79
EMP004,2026-01-13,07:46:00,20:12:00,present,192
EMP005,2026-01-13,08:55:00,17:08:00,late,0
EMP006,2026-01-13,07:54:00,17:03:00,present,0
EMP007,2026-01-13,07:47:00,17:08:00,present,0
EMP008,2026-01-13,,,absent,0
EMP009,2026-01-13,07:49:00,17:00:00,present,0
EMP009,2026-01-13,07:49:00,17:00:00,present,0
EMP010,2026-01-13,07:54:00,17:08:00,present,0
EMP011,2026-01-13,07:44:00,18:07:00,present,59
EMP012,2026-01-13,09:30:00,17:57:00,late,47
EMP013,2026-01-13,08:02:00,17:02:00,present,0
EMP014,2026-01-13,08:00:00,17:05:00,present,0
EMP015,2026-01-13,09:30:00,17:01:00,late,0
EMP016,2026-01-13,07:48:00,17:07:00,present,0
EMP017,2026-01-13,07:54:00,17:09:00,present,0
EMP018,2026-01-13,07:40:00,17:05:00,present,0
EMP019,2026-01-13,07:46:00,17:07:00,present,0
EMP020,2026-01-13,08:33:00,17:00:00,late,0
EMP021,2026-01-13,07:58:00,17:10:00,present,0
EMP022,2026-01-13,07:39:00,17:41:00,present,38
EMP023,2026-01-13,07:56:00,17:07:00,present,0
EMP024,2026-01-13,08:00:00,17:06:00,present,0
EMP025,2026-01-13,07:52:00,17:02:00,present,0
EMP026,2026-01-13,07:53:00,17:08:00,present,0
EMP027,2026-01-13,08:08:00,17:08:00,present,0
EMP028,2026-01-13,07:57:00,17:07:00,present,0
EMP029,2026-01-13,07:52:00,17:05:00,present,0
EMP030,2026-01-13,07:52:00,18:38:00,present,90
EMP031,2026-01-13,07:45:00,17:10:00,present,0
EMP032,2026-01-13,07:49:00,17:06:00,present,0
EMP033,2026-01-13,07:46:00,17:05:00,present,0
EMP034,2026-01-13,07:36:00,17:05:00,present,0
EMP035,2026-01-13,07:47:00,17:07:00,present,0
EMP036,2026-01-13,08:44:00,18:31:00,late,91
EMP037,2026-01-13,07:56:00,17:05:00,present,0
EMP038,2026-01-13,07:44:00,17:08:00,present,0
EMP039,2026-01-13,08:00:00,17:05:00,present,0
EMP040,2026-01-13,08:02:00,17:07:00,present,0
EMP041,2026-01-13,07:57:00,17:09:00,present,0
EMP042,2026-01-13,07:53:00,17:00:00,present,0
EMP043,2026-01-13,07:37:00,17:05:00,present,0
EMP044,2026-01-13,07:41:00,17:02:00,present,0
EMP045,2026-01-13,07:55:00,18:32:00,present,82
EMP046,2026-01-13,07:51:00,20:58:00,present,237
EMP047,2026-01-13,07:38:00,19:49:00,present,167
EMP048,2026-01-13,07:41:00,17:09:00,present,0
EMP049,2026-01-13,08:20:00,17:05:00,late,0
EMP050,2026-01-13,07:59:00,18:27:00,present,79
EMP001,2026-01-14,08:05:00,17:06:00,present,0
EMP002,2026-01-14,07:45:00,19:27:00,present,144
EMP003,2026-01-14,08:09:00,19:16:00,present,132
EMP004,2026-01-14,08:06:00,19:32:00,present,152
EMP005,2026-01-14,07:47:00,17:58:00,present,56
EMP006,2026-01-14,07:42:00,17:06:00,present,0
EMP007,2026-01-14,08:09:00,17:05:00,present,0
EMP008,2026-01-14,07:51:00,17:04:00,present,0
EMP009,2026-01-14,07:41:00,19:36:00,present,148
EMP010,2026-01-14,07:38:00,17:08:00,present,0
EMP011,2026-01-14,08:05:00,17:04:00,present,0
EMP012,2026-01-14,09:22:00,17:10:00,late,0
EMP013,2026-01-14,08:03:00,17:02:00,present,0
EMP014,2026-01-14,08:02:00,19:03:00,present,117
EMP015,2026-01-14,07:55:00,17:01:00,present,0
EMP016,2026-01-14,08:08:00,17:00:00,present,0
EMP017,2026-01-14,08:01:00,17:02:00,present,0
EMP018,2026-01-14,07:41:00,17:09:00,present,0
EMP019,2026-01-14,07:57:00,17:04:00,present,0
EMP020,2026-01-14,08:51:00,17:09:00,late,0
EMP021,2026-01-14,07:56:00,17:00:00,present,0
EMP022,2026-01-14,07:36:00,17:04:00,present,0
EMP023,2026-01-14,07:41:00,17:03:00,present,0
EMP024,2026-01-14,07:55:00,19:55:00,present,166
EMP025,2026-01-14,08:01:00,17:08:00,present,0
EMP026,2026-01-14,07:45:00,17:08:00,present,0
EMP027,2026-01-14,07:46:00,17:03:00,present,0
EMP028,2026-01-14,07:58:00,17:04:00,present,0
EMP029,2026-01-14,07:42:00,17:03:00,present,0
EMP030,2026-01-14,08:05:00,17:05:00,present,0
EMP031,2026-01-14,07:40:00,17:06:00,present,0
EMP032,2026-01-14,08:44:00,17:10:00,late,0
EMP033,2026-01-14,07:35:00,17:02:00,present,0
EMP034,2026-01-14,,,absent,0
EMP035,2026-01-14,07:54:00,17:10:00,present,0
EMP036,2026-01-14,07:48:00,17:10:00,present,0
EMP037,2026-01-14,07:35:00,17:10:00,present,0
EMP038,2026-01-14,07:53:00,17:01:00,present,0
EMP039,2026-01-14,07:55:00,17:04:00,present,0
EMP040,2026-01-14,07:47:00,17:03:00,present,0
EMP041,2026-01-14,08:00:00,17:10:00,present,0
EMP042,2026-01-14,07:53:00,17:06:00,present,0
EMP043,2026-01-14,07:47:00,17:03:00,present,0
EMP044,2026-01-14,07:57:00,17:02:00,present,0
EMP045,2026-01-14,07:41:00,17:08:00,present,0
EMP046,2026-01-14,07:56:00,17:03:00,present,0
EMP047,2026-01-14,07:56:00,20:33:00,present,209
EMP048,2026-01-14,07:39:00,17:03:00,present,0
EMP049,2026-01-14,08:22:00,17:02:00,late,0
EMP050,2026-01-14,08:04:00,18:47:00,present,106
EMP001,2026-01-15,07:38:00,18:08:00,present,65
EMP002,2026-01-15,08:06:00,17:02:00,present,0
EMP003,2026-01-15,08:05:00,18:17:00,present,69
EMP004,2026-01-15,,,absent,0
EMP005,2026-01-15,07:47:00,17:40:00,present,30
EMP006,2026-01-15,07:54:00,17:06:00,present,0
EMP007,2026-01-15,07:37:00,17:04:00,present,0
EMP008,2026-01-15,08:02:00,17:05:00,present,0
EMP009,2026-01-15,07:45:00,17:06:00,present,0
EMP010,2026-01-15,07:48:00,17:09:00,present,0
EMP011,2026-01-15,07:37:00,20:47:00,present,223
EMP012,2026-01-15,08:29:00,17:00:00,late,0
EMP013,2026-01-15,07:42:00,17:07:00,present,0
EMP014,2026-01-15,07:35:00,17:10:00,present,0
EMP015,2026-01-15,08:01:00,17:01:00,present,0
EMP016,2026-01-15,08:06:00,17:03:00,present,0
EMP017,2026-01-15,07:57:00,17:04:00,present,0
EMP018,2026-01-15,08:05:00,17:00:00,present,0
EMP019,2026-01-15,08:06:00,17:01:00,present,0
EMP020,2026-01-15,07:49:00,17:04:00,present,0
EMP021,2026-01-15,07:53:00,17:10:00,present,0
EMP022,2026-01-15,07:37:00,17:57:00,present,47
EMP023,2026-01-15,07:52:00,17:01:00,present,0
EMP024,2026-01-15,08:00:00,17:06:00,present,0
EMP025,2026-01-15,07:45:00,17:00:00,present,0
EMP026,2026-01-15,08:05:00,17:10:00,present,0
EMP027,2026-01-15,07:43:00,17:07:00,present,0
EMP028,2026-01-15,07:51:00,17:00:00,present,0
EMP029,2026-01-15,07:49:00,17:10:00,present,0
EMP030,2026-01-15,07:41:00,17:03:00,present,0
EMP031,2026-01-15,07:44:00,17:08:00,present,0
EMP032,2026-01-15,,,absent,0
EMP033,2026-01-15,08:07:00,17:07:00,present,0
EMP034,2026-01-15,07:50:00,17:04:00,present,0
EMP035,2026-01-15,08:00:00,17:01:00,present,0
EMP036,2026-01-15,08:03:00,17:07:00,present,0
EMP037,2026-01-15,07:37:00,17:00:00,present,0
EMP038,2026-01-15,07:54:00,17:08:00,present,0
EMP039,2026-01-15,07:58:00,17:03:00,present,0
EMP040,2026-01-15,08:05:00,17:05:00,present,0
EMP041,2026-01-15,07:49:00,18:25:00,present,75
EMP042,2026-01-15,07:41:00,17:58:00,present,51
EMP043,2026-01-15,07:41:00,17:03:00,present,0
EMP044,2026-01-15,08:04:00,17:03:00,present,0
EMP045,2026-01-15,07:42:00,17:10:00,present,0
EMP046,2026-01-15,07:35:00,18:34:00,present,85
EMP047,2026-01-15,07:46:00,17:02:00,present,0
EMP048,2026-01-15,09:05:00,17:09:00,late,0
EMP049,2026-01-15,07:53:00,17:02:00,present,0
EMP050,2026-01-15,08:07:00,21:07:00,present,239
EMP001,2026-01-16,07:48:00,17:09:00,present,0
EMP002,2026-01-16,07:43:00,17:02:00,present,0
EMP003,2026-01-16,07:42:00,17:09:00,present,0
EMP004,2026-01-16,08:09:00,19:48:00,present,168
EMP005,2026-01-16,07:47:00,17:02:00,present,0
EMP006,2026-01-16,07:38:00,17:04:00,present,0
EMP007,2026-01-16,08:03:00,17:10:00,present,0
EMP008,2026-01-16,08:10:00,20:14:00,present,190
EMP009,2026-01-16,08:01:00,17:05:00,present,0
EMP010,2026-01-16,07:47:00,17:07:00,present,0
EMP011,2026-01-16,07:58:00,17:09:00,present,0
EMP012,2026-01-16,09:43:00,18:00:00,late,52
EMP013,2026-01-16,07:51:00,17:09:00,present,0
EMP014,2026-01-16,07:44:00,18:20:00,present,71
EMP015,2026-01-16,08:06:00,17:08:00,present,0
EMP016,2026-01-16,08:39:00,17:08:00,late,0
EMP017,2026-01-16,07:57:00,17:03:00,present,0
EMP018,2026-01-16,08:08:00,17:08:00,present,0
EMP019,2026-01-16,,,absent,0
EMP020,2026-01-16,07:50:00,17:10:00,present,0
EMP021,2026-01-16,08:48:00,17:04:00,late,0
EMP022,2026-01-16,08:07:00,17:07:00,present,0
EMP023,2026-01-16,07:55:00,17:01:00,present,0
EMP024,2026-01-16,07:35:00,17:10:00,present,0
EMP025,2026-01-16,07:41:00,17:06:00,present,0
EMP026,2026-01-16,07:44:00,17:00:00,present,0
EMP027,2026-01-16,07:49:00,17:06:00,present,0
EMP028,2026-01-16,07:36:00,17:01:00,present,0
EMP029,2026-01-16,07:37:00,17:01:00,present,0
EMP030,2026-01-16,07:54:00,17:04:00,present,0
EMP031,2026-01-16,07:36:00,17:08:00,present,0
EMP032,2026-01-16,07:53:00,17:02:00,present,0
EMP033,2026-01-16,07:58:00,17:00:00,present,0
EMP034,2026-01-16,07:35:00,17:06:00,present,0
EMP035,2026-01-16,07:57:00,17:10:00,present,0
EMP036,2026-01-16,07:51:00,17:02:00,present,0
EMP037,2026-01-16,08:10:00,17:08:00,present,0
EMP038,2026-01-16,07:47:00,17:07:00,present,0
EMP039,2026-01-16,07:50:00,17:09:00,present,0
EMP040,2026-01-16,07:56:00,17:04:00,present,0
EMP041,2026-01-16,07:55:00,,present,0
EMP042,2026-01-16,08:02:00,17:05:00,present,0
EMP043,2026-01-16,08:04:00,17:04:00,present,0
EMP044,2026-01-16,07:40:00,17:02:00,present,0
EMP045,2026-01-16,07:39:00,17:08:00,present,0
EMP046,2026-01-16,07:48:00,17:08:00,present,0
EMP047,2026-01-16,07:44:00,19:06:00,present,117
EMP048,2026-01-16,08:00:00,17:00:00,present,0
EMP049,2026-01-16,07:45:00,17:02:00,present,0
EMP050,2026-01-16,07:44:00,17:05:00,present,0
EMP001,2026-01-19,07:51:00,17:00:00,present,0
EMP002,2026-01-19,07:59:00,17:00:00,present,0
EMP003,2026-01-19,08:08:00,17:04:00,present,0
EMP004,2026-01-19,07:59:00,20:48:00,present,227
EMP005,2026-01-19,07:57:00,17:05:00,present,0
EMP006,2026-01-19,08:07:00,17:07:00,present,0
EMP007,2026-01-19,07:48:00,17:02:00,present,0
EMP008,2026-01-19,07:49:00,17:01:00,present,0
EMP009,2026-01-19,07:45:00,17:03:00,present,0
EMP010,2026-01-19,08:07:00,18:45:00,present,103
EMP011,2026-01-19,08:00:00,17:00:00,present,0
EMP012,2026-01-19,07:51:00,17:07:00,present,0
EMP013,2026-01-19,07:44:00,17:02:00,present,0
EMP014,2026-01-19,07:56:00,17:09:00,present,0
EMP015,2026-01-19,08:41:00,17:08:00,late,0
EMP016,2026-01-19,08:20:00,17:08:00,late,0
EMP017,2026-01-19,07:43:00,17:08:00,present,0
EMP018,2026-01-19,08:02:00,17:05:00,present,0
EMP019,2026-01-19,08:05:00,17:06:00,present,0
EMP020,2026-01-19,07:41:00,17:04:00,present,0
EMP021,2026-01-19,09:25:00,,late,0
EMP022,2026-01-19,,,absent,0
EMP023,2026-01-19,08:08:00,17:03:00,present,0
EMP024,2026-01-19,07:44:00,17:04:00,present,0
EMP025,2026-01-19,07:52:00,17:06:00,present,0
EMP026,2026-01-19,08:05:00,17:08:00,present,0
EMP027,2026-01-19,09:06:00,17:10:00,late,0
EMP028,2026-01-19,07:45:00,17:08:00,present,0
EMP029,2026-01-19,07:38:00,,present,0
EMP030,2026-01-19,08:02:00,18:06:00,present,63
EMP031,2026-01-19,08:00:00,17:08:00,present,0
EMP032,2026-01-19,07:46:00,17:07:00,present,0
EMP033,2026-01-19,08:08:00,17:00:00,present,0
EMP034,2026-01-19,07:45:00,17:05:00,present,0
EMP034,2026-01-19,07:45:00,17:05:00,present,0
EMP035,2026-01-19,07:52:00,17:05:00,present,0
EMP036,2026-01-19,08:24:00,17:08:00,late,0
EMP037,2026-01-19,07:57:00,17:04:00,present,0
EMP038,2026-01-19,08:00:00,17:04:00,present,0
EMP039,2026-01-19,08:07:00,17:01:00,present,0
EMP040,2026-01-19,07:51:00,17:06:00,present,0
EMP041,2026-01-19,08:04:00,17:09:00,present,0
EMP042,2026-01-19,07:59:00,17:03:00,present,0
EMP043,2026-01-19,07:57:00,17:00:00,present,0
EMP044,2026-01-19,08:00:00,17:05:00,present,0
EMP045,2026-01-19,07:57:00,20:30:00,present,206
EMP046,2026-01-19,07:47:00,17:03:00,present,0
EMP047,2026-01-19,07:50:00,17:01:00,present,0
EMP048,2026-01-19,07:35:00,17:08:00,present,0
EMP049,2026-01-19,09:29:00,17:07:00,late,0
EMP050,2026-01-19,08:00:00,20:29:00,present,207
EMP001,2026-01-20,08:09:00,18:20:00,present,74
EMP002,2026-01-20,07:42:00,17:00:00,present,0
EMP003,2026-01-20,07:55:00,19:08:00,present,126
EMP004,2026-01-20,07:56:00,20:13:00,present,187
EMP005,2026-01-20,07:52:00,17:09:00,present,0
EMP006,2026-01-20,07:41:00,17:03:00,present,0
EMP007,2026-01-20,07:44:00,17:00:00,present,0
EMP008,2026-01-20,08:08:00,17:07:00,present,0
EMP009,2026-01-20,08:00:00,18:41:00,present,101
EMP010,2026-01-20,07:41:00,17:05:00,present,0
EMP011,2026-01-20,07:51:00,19:46:00,present,165
EMP012,2026-01-20,09:39:00,17:02:00,late,0
EMP013,2026-01-20,08:07:00,17:07:00,present,0
EMP014,2026-01-20,07:44:00,17:10:00,present,0
EMP015,2026-01-20,07:39:00,18:16:00,present,73
EMP016,2026-01-20,08:00:00,17:07:00,present,0
EMP017,2026-01-20,08:08:00,17:06:00,present,0
EMP018,2026-01-20,07:50:00,17:01:00,present,0
EMP019,2026-01-20,08:05:00,17:00:00,present,0
EMP020,2026-01-20,08:35:00,18:23:00,late,79
EMP021,2026-01-20,09:23:00,17:00:00,late,0
EMP022,2026-01-20,08:05:00,17:08:00,present,0
EMP023,2026-01-20,08:09:00,17:09:00,present,0
EMP024,2026-01-20,08:02:00,17:04:00,present,0
EMP025,2026-01-20,07:40:00,17:05:00,present,0
EMP026,2026-01-20,,,absent,0
EMP027,2026-01-20,07:43:00,17:07:00,present,0
EMP028,2026-01-20,08:05:00,17:06:00,present,0
EMP029,2026-01-20,08:10:00,17:06:00,present,0
EMP030,2026-01-20,07:59:00,17:03:00,present,0
EMP031,2026-01-20,07:52:00,17:08:00,present,0
EMP032,2026-01-20,08:53:00,17:07:00,late,0
EMP033,2026-01-20,07:47:00,17:02:00,present,0
EMP034,2026-01-20,07:41:00,17:02:00,present,0
EMP035,2026-01-20,07:44:00,18:02:00,present,57
EMP036,2026-01-20,07:37:00,17:02:00,present,0
EMP037,2026-01-20,08:05:00,17:04:00,present,0
EMP038,2026-01-20,07:50:00,17:07:00,present,0
EMP039,2026-01-20,07:41:00,17:03:00,present,0
EMP040,2026-01-20,07:55:00,17:00:00,present,0
EMP041,2026-01-20,08:05:00,17:03:00,present,0
EMP042,2026-01-20,07:42:00,17:06:00,present,0
EMP043,2026-01-20,07:42:00,,present,0
EMP044,2026-01-20,08:05:00,17:02:00,present,0
EMP045,2026-01-20,07:40:00,17:10:00,present,0
EMP046,2026-01-20,08:09:00,17:03:00,present,0
EMP047,2026-01-20,07:57:00,17:03:00,present,0
EMP048,2026-01-20,08:21:00,17:07:00,late,0
EMP049,2026-01-20,08:09:00,17:07:00,present,0
EMP050,2026-01-20,08:10:00,20:17:00,present,195
EMP001,2026-01-21,08:04:00,18:59:00,present,111
EMP002,2026-01-21,,,absent,0
EMP003,2026-01-21,07:50:00,18:26:00,present,76
EMP004,2026-01-21,08:06:00,17:04:00,present,0
EMP005,2026-01-21,07:39:00,17:48:00,present,46
EMP006,2026-01-21,07:41:00,18:58:00,present,112
EMP007,2026-01-21,07:51:00,18:07:00,present,58
EMP008,2026-01-21,08:06:00,17:07:00,present,0
EMP009,2026-01-21,08:01:00,17:00:00,present,0
EMP010,2026-01-21,07:39:00,17:01:00,present,0
EMP011,2026-01-21,07:49:00,17:08:00,present,0
EMP012,2026-01-21,09:27:00,17:01:00,late,0
EMP013,2026-01-21,08:02:00,17:02:00,present,0
EMP014,2026-01-21,07:45:00,17:09:00,present,0
EMP015,2026-01-21,07:55:00,17:06:00,present,0
EMP016,2026-01-21,08:09:00,17:08:00,present,0
EMP017,2026-01-21,08:03:00,17:00:00,present,0
EMP018,2026-01-21,08:08:00,,present,0
EMP019,2026-01-21,07:55:00,17:04:00,present,0
EMP020,2026-01-21,07:41:00,18:17:00,present,75
EMP021,2026-01-21,08:54:00,18:30:00,late,81
EMP022,2026-01-21,08:05:00,17:09:00,present,0
EMP023,2026-01-21,07:37:00,17:09:00,present,0
EMP024,2026-01-21,07:56:00,19:57:00,present,171
EMP025,2026-01-21,07:35:00,17:10:00,present,0
EMP026,2026-01-21,08:09:00,17:05:00,present,0
EMP027,2026-01-21,08:00:00,17:09:00,present,0
EMP028,2026-01-21,08:00:00,17:05:00,present,0
EMP029,2026-01-21,08:00:00,17:06:00,present,0
EMP030,2026-01-21,07:43:00,17:03:00,present,0
EMP031,2026-01-21,08:08:00,17:01:00,present,0
EMP032,2026-01-21,07:42:00,17:06:00,present,0
EMP033,2026-01-21,07:36:00,17:02:00,present,0
EMP034,2026-01-21,08:03:00,17:07:00,present,0
EMP035,2026-01-21,07:58:00,17:01:00,present,0
EMP036,2026-01-21,07:53:00,18:59:00,present,118
EMP037,2026-01-21,08:09:00,17:08:00,present,0
EMP038,2026-01-21,07:44:00,17:10:00,present,0
EMP039,2026-01-21,07:37:00,17:00:00,present,0
EMP040,2026-01-21,07:38:00,17:00:00,present,0
EMP041,2026-01-21,07:58:00,17:00:00,present,0
EMP042,2026-01-21,07:59:00,17:01:00,present,0
EMP043,2026-01-21,07:40:00,17:08:00,present,0
EMP044,2026-01-21,07:37:00,17:08:00,present,0
EMP045,2026-01-21,07:36:00,19:35:00,present,150
EMP046,2026-01-21,08:07:00,18:25:00,present,75
EMP047,2026-01-21,07:36:00,17:03:00,present,0
EMP048,2026-01-21,09:04:00,17:10:00,late,0
EMP049,2026-01-21,08:35:00,17:04:00,late,0
EMP050,2026-01-21,07:48:00,17:10:00,present,0
EMP001,2026-01-22,08:08:00,17:06:00,present,0
EMP002,2026-01-22,07:45:00,20:30:00,present,202
EMP003,2026-01-22,07:44:00,17:06:00,present,0
EMP004,2026-01-22,07:52:00,18:49:00,present,108
EMP005,2026-01-22,07:49:00,17:03:00,present,0
EMP006,2026-01-22,08:05:00,17:09:00,present,0
EMP007,2026-01-22,07:59:00,17:02:00,present,0
EMP008,2026-01-22,07:35:00,17:03:00,present,0
EMP009,2026-01-22,07:39:00,20:01:00,present,172
EMP010,2026-01-22,07:50:00,17:00:00,present,0
EMP011,2026-01-22,08:00:00,17:09:00,present,0
EMP012,2026-01-22,08:29:00,17:00:00,late,0
EMP013,2026-01-22,07:37:00,17:08:00,present,0
EMP014,2026-01-22,08:03:00,17:04:00,present,0
EMP015,2026-01-22,08:22:00,17:02:00,late,0
EMP016,2026-01-22,07:46:00,17:08:00,present,0
EMP017,2026-01-22,07:46:00,17:03:00,present,0
EMP018,2026-01-22,07:45:00,17:01:00,present,0
EMP019,2026-01-22,07:40:00,17:06:00,present,0
EMP020,2026-01-22,09:26:00,17:02:00,late,0
EMP021,2026-01-22,08:34:00,17:00:00,late,0
EMP022,2026-01-22,08:03:00,17:02:00,present,0
EMP023,2026-01-22,07:51:00,17:07:00,present,0
EMP024,2026-01-22,07:50:00,20:55:00,present,228
EMP025,2026-01-22,07:35:00,17:08:00,present,0
EMP026,2026-01-22,07:48:00,17:00:00,present,0
EMP027,2026-01-22,07:54:00,17:01:00,present,0
EMP028,2026-01-22,07:53:00,17:09:00,present,0
EMP029,2026-01-22,07:58:00,17:01:00,present,0
EMP030,2026-01-22,07:39:00,17:08:00,present,0
EMP031,2026-01-22,07:52:00,17:06:00,present,0
EMP032,2026-01-22,09:23:00,17:07:00,late,0
EMP033,2026-01-22,07:53:00,17:05:00,present,0
EMP034,2026-01-22,07:43:00,17:07:00,present,0
EMP035,2026-01-22,07:46:00,17:03:00,present,0
EMP036,2026-01-22,,,absent,0
EMP037,2026-01-22,,,absent,0
EMP038,2026-01-22,07:42:00,17:03:00,present,0
EMP039,2026-01-22,07:56:00,17:10:00,present,0
EMP040,2026-01-22,07:51:00,17:04:00,present,0
EMP041,2026-01-22,07:42:00,17:05:00,present,0
EMP042,2026-01-22,07:46:00,17:05:00,present,0
EMP043,2026-01-22,07:37:00,17:07:00,present,0
EMP044,2026-01-22,07:56:00,17:06:00,present,0
EMP045,2026-01-22,07:55:00,18:53:00,present,103
EMP046,2026-01-22,07:39:00,17:00:00,present,0
EMP047,2026-01-22,07:45:00,17:09:00,present,0
EMP048,2026-01-22,07:37:00,17:01:00,present,0
EMP049,2026-01-22,07:48:00,17:02:00,present,0
EMP050,2026-01-22,07:40:00,18:39:00,present,91
EMP001,2026-01-23,08:08:00,17:05:00,present,0
EMP002,2026-01-23,08:08:00,17:00:00,present,0
EMP003,2026-01-23,07:35:00,18:21:00,present,71
EMP004,2026-01-23,07:37:00,20:52:00,present,228
EMP005,2026-01-23,08:41:00,17:04:00,late,0
EMP006,2026-01-23,07:52:00,17:04:00,present,0
EMP007,2026-01-23,07:41:00,17:05:00,present,0
EMP008,2026-01-23,07:53:00,17:04:00,present,0
EMP009,2026-01-23,07:43:00,20:52:00,present,232
EMP010,2026-01-23,07:46:00,17:09:00,present,0
EMP011,2026-01-23,07:57:00,19:00:00,present,110
EMP012,2026-01-23,09:28:00,17:07:00,late,0
EMP013,2026-01-23,08:04:00,17:03:00,present,0
EMP014,2026-01-23,07:58:00,17:10:00,present,0
EMP015,2026-01-23,07:39:00,17:05:00,present,0
EMP016,2026-01-23,09:29:00,17:01:00,late,0
EMP017,2026-01-23,08:10:00,17:04:00,present,0
EMP018,2026-01-23,07:50:00,17:07:00,present,0
EMP019,2026-01-23,08:02:00,17:06:00,present,0
EMP020,2026-01-23,08:25:00,17:09:00,late,0
EMP021,2026-01-23,08:28:00,17:02:00,late,0
EMP022,2026-01-23,07:59:00,17:10:00,present,0
EMP023,2026-01-23,07:35:00,17:10:00,present,0
EMP024,2026-01-23,08:03:00,20:59:00,present,234
EMP025,2026-01-23,08:02:00,17:05:00,present,0
EMP026,2026-01-23,08:07:00,17:02:00,present,0
EMP027,2026-01-23,07:35:00,17:05:00,present,0
EMP028,2026-01-23,08:02:00,17:06:00,present,0
EMP029,2026-01-23,08:02:00,17:10:00,present,0
EMP030,2026-01-23,07:58:00,17:02:00,present,0
EMP031,2026-01-23,07:35:00,17:34:00,present,32
EMP032,2026-01-23,07:40:00,17:06:00,present,0
EMP033,2026-01-23,08:02:00,17:07:00,present,0
EMP034,2026-01-23,07:57:00,17:06:00,present,0
EMP035,2026-01-23,07:50:00,17:04:00,present,0
EMP036,2026-01-23,08:05:00,17:01:00,present,0
EMP037,2026-01-23,08:08:00,17:04:00,present,0
EMP038,2026-01-23,07:40:00,17:10:00,present,0
EMP039,2026-01-23,08:09:00,17:04:00,present,0
EMP040,2026-01-23,07:35:00,17:08:00,present,0
EMP041,2026-01-23,07:57:00,17:04:00,present,0
EMP042,2026-01-23,07:54:00,17:09:00,present,0
EMP043,2026-01-23,07:38:00,17:04:00,present,0
EMP044,2026-01-23,07:40:00,17:01:00,present,0
EMP045,2026-01-23,07:52:00,19:05:00,present,125
EMP046,2026-01-23,07:44:00,17:02:00,present,0
EMP047,2026-01-23,08:08:00,17:01:00,present,0
EMP048,2026-01-23,08:01:00,17:03:00,present,0
EMP049,2026-01-23,07:57:00,18:04:00,present,63
EMP050,2026-01-23,08:05:00,17:08:00,present,0
EMP001,2026-01-26,07:51:00,17:06:00,present,0
EMP002,2026-01-26,07:55:00,17:00:00,present,0
EMP003,2026-01-26,08:02:00,17:04:00,present,0
EMP004,2026-01-26,08:00:00,17:03:00,present,0
EMP005,2026-01-26,08:39:00,17:00:00,late,0
EMP006,2026-01-26,,,absent,0
EMP007,2026-01-26,07:41:00,17:05:00,present,0
EMP008,2026-01-26,07:36:00,18:56:00,present,106
EMP009,2026-01-26,07:42:00,17:09:00,present,0
EMP010,2026-01-26,07:46:00,17:02:00,present,0
EMP011,2026-01-26,08:04:00,17:06:00,present,0
EMP012,2026-01-26,09:55:00,17:43:00,late,37
EMP013,2026-01-26,07:51:00,17:01:00,present,0
EMP014,2026-01-26,07:46:00,17:01:00,present,0
EMP015,2026-01-26,08:03:00,17:01:00,present,0
EMP016,2026-01-26,07:36:00,17:02:00,present,0
EMP016,2026-01-26,07:36:00,17:02:00,present,0
EMP017,2026-01-26,07:59:00,17:05:00,present,0
EMP018,2026-01-26,08:06:00,17:06:00,present,0
EMP019,2026-01-26,08:09:00,17:06:00,present,0
EMP020,2026-01-26,07:57:00,17:04:00,present,0
EMP021,2026-01-26,09:24:00,17:05:00,late,0
EMP022,2026-01-26,07:47:00,17:00:00,present,0
EMP023,2026-01-26,07:59:00,17:10:00,present,0
EMP024,2026-01-26,08:03:00,17:03:00,present,0
EMP025,2026-01-26,07:59:00,18:49:00,present,99
EMP026,2026-01-26,08:03:00,17:00:00,present,0
EMP027,2026-01-26,08:31:00,17:10:00,late,0
EMP028,2026-01-26,08:09:00,17:09:00,present,0
EMP029,2026-01-26,08:06:00,17:07:00,present,0
EMP030,2026-01-26,07:43:00,18:50:00,present,110
EMP031,2026-01-26,07:45:00,17:01:00,present,0
EMP032,2026-01-26,07:49:00,18:01:00,present,55
EMP033,2026-01-26,08:00:00,17:10:00,present,0
EMP034,2026-01-26,07:48:00,17:09:00,present,0
EMP035,2026-01-26,08:01:00,17:05:00,present,0
EMP036,2026-01-26,08:28:00,17:10:00,late,0
EMP037,2026-01-26,,,absent,0
EMP038,2026-01-26,07:35:00,17:51:00,present,41
EMP039,2026-01-26,08:05:00,17:03:00,present,0
EMP040,2026-01-26,07:50:00,17:09:00,present,0
EMP041,2026-01-26,07:40:00,17:04:00,present,0
EMP041,2026-01-26,07:40:00,17:04:00,present,0
EMP042,2026-01-26,07:42:00,17:01:00,present,0
EMP043,2026-01-26,08:07:00,17:10:00,present,0
EMP044,2026-01-26,07:44:00,17:07:00,present,0
EMP045,2026-01-26,07:38:00,17:06:00,present,0
EMP046,2026-01-26,08:04:00,18:21:00,present,73
EMP047,2026-01-26,07:42:00,19:07:00,present,120
EMP048,2026-01-26,07:55:00,17:01:00,present,0
EMP049,2026-01-26,07:59:00,17:01:00,present,0
EMP050,2026-01-26,07:44:00,20:43:00,present,216
EMP001,2026-01-27,07:47:00,17:04:00,present,0
EMP002,2026-01-27,07:38:00,18:35:00,present,88
EMP003,2026-01-27,07:53:00,17:10:00,present,0
EMP004,2026-01-27,08:10:00,18:43:00,present,96
EMP005,2026-01-27,07:35:00,17:03:00,present,0
EMP006,2026-01-27,07:44:00,17:00:00,present,0
EMP007,2026-01-27,08:07:00,18:43:00,present,97
EMP008,2026-01-27,08:03:00,17:37:00,present,31
EMP009,2026-01-27,07:40:00,20:55:00,present,231
EMP010,2026-01-27,07:36:00,17:07:00,present,0
EMP011,2026-01-27,07:58:00,17:00:00,present,0
EMP012,2026-01-27,08:20:00,17:04:00,late,0
EMP013,2026-01-27,07:48:00,17:01:00,present,0
EMP014,2026-01-27,08:07:00,17:10:00,present,0
EMP015,2026-01-27,07:37:00,17:02:00,present,0
EMP016,2026-01-27,07:43:00,17:03:00,present,0
EMP017,2026-01-27,07:48:00,17:03:00,present,0
EMP018,2026-01-27,08:02:00,17:01:00,present,0
EMP019,2026-01-27,07:42:00,17:08:00,present,0
EMP020,2026-01-27,07:39:00,17:07:00,present,0
EMP021,2026-01-27,07:39:00,17:04:00,present,0
EMP022,2026-01-27,07:48:00,17:10:00,present,0
EMP023,2026-01-27,07:43:00,17:06:00,present,0
EMP024,2026-01-27,07:39:00,19:07:00,present,119
EMP025,2026-01-27,07:55:00,17:10:00,present,0
EMP026,2026-01-27,07:54:00,17:04:00,present,0
EMP027,2026-01-27,07:38:00,17:04:00,present,0
EMP028,2026-01-27,08:09:00,17:02:00,present,0
EMP029,2026-01-27,07:44:00,17:01:00,present,0
EMP030,2026-01-27,07:51:00,17:03:00,present,0
EMP031,2026-01-27,07:57:00,17:07:00,present,0
EMP032,2026-01-27,08:00:00,17:02:00,present,0
EMP033,2026-01-27,08:09:00,17:05:00,present,0
EMP034,2026-01-27,07:44:00,17:07:00,present,0
EMP035,2026-01-27,07:37:00,17:08:00,present,0
EMP036,2026-01-27,09:01:00,17:46:00,late,37
EMP037,2026-01-27,07:52:00,17:01:00,present,0
EMP038,2026-01-27,07:40:00,17:06:00,present,0
EMP039,2026-01-27,07:38:00,17:05:00,present,0
EMP040,2026-01-27,07:59:00,17:04:00,present,0
EMP041,2026-01-27,08:10:00,18:32:00,present,86
EMP042,2026-01-27,08:02:00,17:06:00,present,0
EMP043,2026-01-27,07:48:00,17:08:00,present,0
EMP044,2026-01-27,07:59:00,18:32:00,present,82
EMP045,2026-01-27,07:43:00,19:41:00,present,157
EMP046,2026-01-27,07:54:00,17:03:00,present,0
EMP046,2026-01-27,07:54:00,17:03:00,present,0
EMP047,2026-01-27,08:05:00,20:54:00,present,230
EMP048,2026-01-27,08:31:00,17:07:00,late,0
EMP049,2026-01-27,08:02:00,17:10:00,present,0
EMP050,2026-01-27,07:58:00,17:04:00,present,0
EMP001,2026-01-28,07:43:00,17:00:00,present,0
EMP002,2026-01-28,07:57:00,19:22:00,present,134
EMP003,2026-01-28,07:46:00,17:02:00,present,0
EMP004,2026-01-28,07:54:00,21:03:00,present,238
EMP005,2026-01-28,09:22:00,17:07:00,late,0
EMP006,2026-01-28,07:48:00,17:03:00,present,0
EMP007,2026-01-28,08:08:00,17:08:00,present,0
EMP008,2026-01-28,07:39:00,18:33:00,present,93
EMP009,2026-01-28,08:03:00,17:05:00,present,0
EMP010,2026-01-28,07:42:00,17:02:00,present,0
EMP011,2026-01-28,07:40:00,17:01:00,present,0
EMP012,2026-01-28,08:29:00,19:02:00,late,114
EMP013,2026-01-28,07:37:00,18:55:00,present,115
EMP014,2026-01-28,07:48:00,17:03:00,present,0
EMP015,2026-01-28,07:52:00,17:05:00,present,0
EMP016,2026-01-28,08:07:00,17:01:00,present,0
EMP017,2026-01-28,07:47:00,17:02:00,present,0
EMP018,2026-01-28,07:41:00,17:08:00,present,0
EMP019,2026-01-28,07:46:00,17:01:00,present,0
EMP020,2026-01-28,08:45:00,17:05:00,late,0
EMP021,2026-01-28,07:53:00,17:00:00,present,0
EMP022,2026-01-28,08:04:00,17:04:00,present,0
EMP023,2026-01-28,08:01:00,17:06:00,present,0
EMP024,2026-01-28,08:05:00,17:00:00,present,0
EMP025,2026-01-28,08:03:00,17:10:00,present,0
EMP026,2026-01-28,07:41:00,17:02:00,present,0
EMP027,2026-01-28,08:00:00,17:06:00,present,0
EMP028,2026-01-28,07:52:00,17:10:00,present,0
EMP029,2026-01-28,08:00:00,17:08:00,present,0
EMP030,2026-01-28,07:51:00,17:03:00,present,0
EMP031,2026-01-28,07:38:00,17:07:00,present,0
EMP032,2026-01-28,07:44:00,17:09:00,present,0
EMP033,2026-01-28,08:06:00,17:03:00,present,0
EMP034,2026-01-28,08:09:00,17:08:00,present,0
EMP035,2026-01-28,08:02:00,17:01:00,present,0
EMP036,2026-01-28,07:37:00,17:10:00,present,0
EMP037,2026-01-28,08:06:00,17:04:00,present,0
EMP038,2026-01-28,08:06:00,17:10:00,present,0
EMP039,2026-01-28,07:45:00,17:06:00,present,0
EMP040,2026-01-28,07:57:00,17:04:00,present,0
EMP041,2026-01-28,07:58:00,17:09:00,present,0
EMP042,2026-01-28,07:41:00,17:05:00,present,0
EMP043,2026-01-28,07:50:00,17:09:00,present,0
EMP044,2026-01-28,07:42:00,17:00:00,present,0
EMP045,2026-01-28,08:02:00,17:04:00,present,0
EMP046,2026-01-28,,,absent,0
EMP047,2026-01-28,07:59:00,18:32:00,present,85
EMP048,2026-01-28,07:56:00,17:04:00,present,0
EMP049,2026-01-28,07:39:00,17:08:00,present,0
EMP050,2026-01-28,08:00:00,17:01:00,present,0
EMP001,2026-01-29,07:52:00,18:44:00,present,97
EMP002,2026-01-29,07:54:00,17:10:00,present,0
EMP003,2026-01-29,08:07:00,17:02:00,present,0
EMP004,2026-01-29,07:46:00,17:07:00,present,0
EMP005,2026-01-29,08:02:00,17:10:00,present,0
EMP006,2026-01-29,07:50:00,17:10:00,present,0
EMP007,2026-01-29,07:39:00,17:06:00,present,0
EMP008,2026-01-29,07:50:00,17:03:00,present,0
EMP009,2026-01-29,08:06:00,17:10:00,present,0
EMP010,2026-01-29,07:36:00,17:04:00,present,0
EMP011,2026-01-29,08:06:00,17:45:00,present,40
EMP012,2026-01-29,09:02:00,17:01:00,late,0
EMP013,2026-01-29,07:50:00,17:08:00,present,0
EMP014,2026-01-29,08:08:00,17:01:00,present,0
EMP015,2026-01-29,09:30:00,17:03:00,late,0
EMP016,2026-01-29,08:51:00,17:04:00,late,0
EMP017,2026-01-29,07:42:00,17:06:00,present,0
EMP018,2026-01-29,07:44:00,17:05:00,present,0
EMP019,2026-01-29,07:37:00,17:10:00,present,0
EMP020,2026-01-29,07:51:00,17:04:00,present,0
EMP021,2026-01-29,08:09:00,17:07:00,present,0
EMP022,2026-01-29,07:51:00,17:03:00,present,0
EMP023,2026-01-29,08:03:00,17:10:00,present,0
EMP024,2026-01-29,08:06:00,17:05:00,present,0
EMP025,2026-01-29,07:45:00,17:08:00,present,0
EMP026,2026-01-29,08:10:00,17:07:00,present,0
EMP027,2026-01-29,09:12:00,,late,0
EMP028,2026-01-29,07:40:00,17:03:00,present,0
EMP029,2026-01-29,07:43:00,17:10:00,present,0
EMP030,2026-01-29,07:43:00,17:10:00,present,0
EMP031,2026-01-29,07:40:00,17:02:00,present,0
EMP032,2026-01-29,07:36:00,17:08:00,present,0
EMP033,2026-01-29,08:04:00,17:02:00,present,0
EMP034,2026-01-29,07:44:00,18:19:00,present,77
EMP035,2026-01-29,08:02:00,17:07:00,present,0
EMP036,2026-01-29,08:50:00,17:07:00,late,0
EMP037,2026-01-29,07:48:00,17:04:00,present,0
EMP038,2026-01-29,07:44:00,18:06:00,present,63
EMP039,2026-01-29,08:04:00,18:32:00,present,90
EMP040,2026-01-29,07:48:00,17:06:00,present,0
EMP041,2026-01-29,07:38:00,18:07:00,present,60
EMP042,2026-01-29,07:37:00,18:43:00,present,94
EMP043,2026-01-29,07:43:00,17:08:00,present,0
EMP044,2026-01-29,08:06:00,17:07:00,present,0
EMP045,2026-01-29,07:44:00,19:20:00,present,140
EMP046,2026-01-29,07:52:00,17:04:00,present,0
EMP047,2026-01-29,07:51:00,17:02:00,present,0
EMP048,2026-01-29,09:12:00,17:49:00,late,49
EMP049,2026-01-29,08:02:00,17:07:00,present,0
EMP050,2026-01-29,08:06:00,17:02:00,present,0
EMP001,2026-01-30,07:46:00,17:08:00,present,0
EMP002,2026-01-30,07:48:00,17:08:00,present,0
EMP003,2026-01-30,07:50:00,17:05:00,present,0
EMP004,2026-01-30,08:00:00,18:32:00,present,87
EMP005,2026-01-30,08:04:00,17:04:00,present,0
EMP006,2026-01-30,08:03:00,17:09:00,present,0
EMP007,2026-01-30,07:53:00,17:00:00,present,0
EMP008,2026-01-30,07:40:00,18:48:00,present,105
EMP009,2026-01-30,07:48:00,19:47:00,present,163
EMP010,2026-01-30,07:54:00,17:06:00,present,0
EMP011,2026-01-30,07:43:00,18:29:00,present,84
EMP012,2026-01-30,09:28:00,17:01:00,late,0
EMP013,2026-01-30,08:02:00,17:01:00,present,0
EMP014,2026-01-30,07:49:00,17:02:00,present,0
EMP015,2026-01-30,09:15:00,17:07:00,late,0
EMP016,2026-01-30,08:47:00,17:04:00,late,0
EMP017,2026-01-30,08:07:00,17:06:00,present,0
EMP018,2026-01-30,07:51:00,17:09:00,present,0
EMP019,2026-01-30,08:04:00,17:02:00,present,0
EMP020,2026-01-30,07:55:00,17:07:00,present,0
EMP021,2026-01-30,08:39:00,17:01:00,late,0
EMP022,2026-01-30,07:41:00,,present,0
EMP023,2026-01-30,08:05:00,17:06:00,present,0
EMP024,2026-01-30,08:06:00,20:42:00,present,217
EMP025,2026-01-30,07:54:00,17:47:00,present,47
EMP026,2026-01-30,07:47:00,17:03:00,present,0
EMP027,2026-01-30,08:09:00,17:04:00,present,0
EMP028,2026-01-30,07:42:00,17:02:00,present,0
EMP029,2026-01-30,07:36:00,17:09:00,present,0
EMP030,2026-01-30,08:00:00,17:32:00,present,31
EMP031,2026-01-30,08:06:00,17:09:00,present,0
EMP032,2026-01-30,08:07:00,17:09:00,present,0
EMP033,2026-01-30,07:49:00,17:08:00,present,0
EMP034,2026-01-30,07:52:00,17:06:00,present,0
EMP035,2026-01-30,07:57:00,17:06:00,present,0
EMP036,2026-01-30,08:45:00,17:09:00,late,0
EMP037,2026-01-30,08:04:00,17:04:00,present,0
EMP038,2026-01-30,07:58:00,17:02:00,present,0
EMP039,2026-01-30,08:05:00,17:03:00,present,0
EMP040,2026-01-30,08:06:00,17:03:00,present,0
EMP041,2026-01-30,07:51:00,17:02:00,present,0
EMP042,2026-01-30,07:39:00,17:01:00,present,0
EMP043,2026-01-30,07:51:00,17:05:00,present,0
EMP044,2026-01-30,07:44:00,17:08:00,present,0
EMP045,2026-01-30,08:03:00,17:01:00,present,0
EMP046,2026-01-30,07:41:00,17:45:00,present,43
EMP047,2026-01-30,07:45:00,17:08:00,present,0
EMP048,2026-01-30,07:43:00,17:03:00,present,0
EMP049,2026-01-30,09:16:00,17:08:00,late,0
EMP050,2026-01-30,08:01:00,20:53:00,present,230
EMP001,2026-02-02,07:49:00,17:06:00,present,0
EMP002,2026-02-02,08:08:00,17:00:00,present,0
EMP003,2026-02-02,08:08:00,18:16:00,present,70
EMP004,2026-02-02,07:37:00,17:09:00,present,0
EMP005,2026-02-02,08:08:00,17:06:00,present,0
EMP007,2026-02-02,07:54:00,17:05:00,present,0
EMP008,2026-02-02,08:08:00,17:06:00,present,0
EMP009,2026-02-02,08:03:00,17:10:00,present,0
EMP010,2026-02-02,07:37:00,17:06:00,present,0
EMP011,2026-02-02,08:09:00,18:31:00,present,83
EMP012,2026-02-02,08:19:00,17:08:00,late,0
EMP013,2026-02-02,08:02:00,17:01:00,present,0
EMP014,2026-02-02,08:07:00,17:00:00,present,0
EMP015,2026-02-02,07:35:00,17:03:00,present,0
EMP016,2026-02-02,08:09:00,17:03:00,present,0
EMP017,2026-02-02,07:43:00,17:08:00,present,0
EMP018,2026-02-02,07:47:00,17:05:00,present,0
EMP019,2026-02-02,08:01:00,17:06:00,present,0
EMP020,2026-02-02,08:08:00,17:08:00,present,0
EMP022,2026-02-02,08:06:00,17:07:00,present,0
EMP023,2026-02-02,08:01:00,17:02:00,present,0
EMP025,2026-02-02,08:07:00,17:01:00,present,0
EMP026,2026-02-02,07:45:00,17:05:00,present,0
EMP027,2026-02-02,09:03:00,17:00:00,late,0
EMP028,2026-02-02,07:58:00,17:07:00,present,0
EMP029,2026-02-02,08:01:00,18:13:00,present,69
EMP032,2026-02-02,09:00:00,17:41:00,late,35
EMP033,2026-02-02,07:56:00,17:07:00,present,0
EMP035,2026-02-02,07:43:00,17:07:00,present,0
EMP038,2026-02-02,07:55:00,18:59:00,present,109
EMP039,2026-02-02,07:56:00,17:10:00,present,0
EMP040,2026-02-02,07:45:00,17:09:00,present,0
EMP041,2026-02-02,07:42:00,17:01:00,present,0
EMP042,2026-02-02,07:38:00,17:08:00,present,0
EMP043,2026-02-02,07:42:00,17:08:00,present,0
EMP044,2026-02-02,07:50:00,17:09:00,present,0
EMP045,2026-02-02,08:00:00,17:00:00,present,0
EMP046,2026-02-02,,,absent,0
EMP047,2026-02-02,07:59:00,18:30:00,present,89
EMP048,2026-02-02,07:44:00,17:06:00,present,0
EMP049,2026-02-02,08:23:00,17:01:00,late,0
EMP050,2026-02-02,07:59:00,17:00:00,present,0
EMP001,2026-02-03,08:06:00,17:08:00,present,0
EMP002,2026-02-03,08:04:00,17:39:00,present,33
EMP003,2026-02-03,,,absent,0
EMP004,2026-02-03,07:41:00,20:32:00,present,202
EMP005,2026-02-03,09:20:00,17:02:00,late,0
EMP007,2026-02-03,08:09:00,17:08:00,present,0
EMP007,2026-02-03,08:09:00,17:08:00,present,0
EMP008,2026-02-03,07:53:00,17:00:00,present,0
EMP009,2026-02-03,07:59:00,17:03:00,present,0
EMP010,2026-02-03,08:09:00,17:04:00,present,0
EMP011,2026-02-03,08:10:00,17:03:00,present,0
EMP012,2026-02-03,08:59:00,17:07:00,late,0
EMP013,2026-02-03,07:48:00,17:09:00,present,0
EMP014,2026-02-03,07:35:00,17:00:00,present,0
EMP015,2026-02-03,08:06:00,17:08:00,present,0
EMP016,2026-02-03,08:03:00,17:05:00,present,0
EMP017,2026-02-03,07:59:00,17:00:00,present,0
EMP018,2026-02-03,07:35:00,17:00:00,present,0
EMP019,2026-02-03,07:47:00,17:10:00,present,0
EMP020,2026-02-03,07:58:00,18:42:00,present,93
EMP022,2026-02-03,08:00:00,17:04:00,present,0
EMP023,2026-02-03,07:46:00,17:01:00,present,0
EMP025,2026-02-03,08:08:00,17:04:00,present,0
EMP026,2026-02-03,08:09:00,17:10:00,present,0
EMP027,2026-02-03,07:38:00,17:05:00,present,0
EMP028,2026-02-03,08:08:00,17:05:00,present,0
EMP029,2026-02-03,07:38:00,17:06:00,present,0
EMP032,2026-02-03,09:29:00,17:03:00,late,0
EMP033,2026-02-03,07:50:00,17:05:00,present,0
EMP035,2026-02-03,08:05:00,17:00:00,present,0
EMP038,2026-02-03,07:51:00,17:07:00,present,0
EMP039,2026-02-03,07:56:00,17:03:00,present,0
EMP040,2026-02-03,07:41:00,17:09:00,present,0
EMP041,2026-02-03,07:59:00,17:01:00,present,0
EMP042,2026-02-03,07:38:00,17:10:00,present,0
EMP043,2026-02-03,07:38:00,17:06:00,present,0
EMP044,2026-02-03,07:35:00,17:07:00,present,0
EMP045,2026-02-03,07:56:00,17:00:00,present,0
EMP046,2026-02-03,07:41:00,18:26:00,present,77
EMP047,2026-02-03,08:07:00,19:54:00,present,167
EMP048,2026-02-03,07:38:00,17:09:00,present,0
EMP049,2026-02-03,09:25:00,17:02:00,late,0
EMP050,2026-02-03,07:35:00,17:02:00,present,0
EMP001,2026-02-04,07:38:00,17:03:00,present,0
EMP002,2026-02-04,07:39:00,20:57:00,present,230
EMP003,2026-02-04,07:56:00,17:05:00,present,0
EMP004,2026-02-04,08:04:00,17:07:00,present,0
EMP004,2026-02-04,08:04:00,17:07:00,present,0
EMP005,2026-02-04,08:43:00,17:05:00,late,0
EMP007,2026-02-04,07:35:00,17:01:00,present,0
EMP008,2026-02-04,08:03:00,20:34:00,present,209
EMP009,2026-02-04,07:46:00,19:09:00,present,127
EMP010,2026-02-04,07:36:00,17:04:00,present,0
EMP011,2026-02-04,07:59:00,17:05:00,present,0
EMP012,2026-02-04,08:06:00,17:08:00,present,0
EMP013,2026-02-04,07:39:00,17:02:00,present,0
EMP014,2026-02-04,07:58:00,17:06:00,present,0
EMP015,2026-02-04,07:47:00,17:04:00,present,0
EMP016,2026-02-04,07:43:00,17:09:00,present,0
EMP017,2026-02-04,08:05:00,17:09:00,present,0
EMP018,2026-02-04,08:07:00,17:08:00,present,0
EMP019,2026-02-04,08:05:00,17:07:00,present,0
EMP020,2026-02-04,07:37:00,17:03:00,present,0
EMP022,2026-02-04,08:02:00,17:09:00,present,0
EMP023,2026-02-04,07:40:00,17:01:00,present,0
EMP025,2026-02-04,07:37:00,17:09:00,present,0
EMP026,2026-02-04,07:58:00,17:05:00,present,0
EMP027,2026-02-04,08:25:00,17:01:00,late,0
EMP028,2026-02-04,07:40:00,17:03:00,present,0
EMP029,2026-02-04,07:47:00,17:10:00,present,0
EMP032,2026-02-04,07:52:00,17:09:00,present,0
EMP033,2026-02-04,08:09:00,17:00:00,present,0
EMP035,2026-02-04,08:00:00,17:09:00,present,0
EMP038,2026-02-04,07:44:00,17:03:00,present,0
EMP039,2026-02-04,08:08:00,17:08:00,present,0
EMP040,2026-02-04,07:40:00,17:03:00,present,0
EMP041,2026-02-04,08:03:00,17:08:00,present,0
EMP042,2026-02-04,07:54:00,17:00:00,present,0
EMP043,2026-02-04,07:49:00,17:10:00,present,0
EMP044,2026-02-04,07:54:00,17:00:00,present,0
EMP045,2026-02-04,07:56:00,17:09:00,present,0
EMP046,2026-02-04,08:00:00,19:41:00,present,158
EMP047,2026-02-04,07:54:00,18:36:00,present,86
EMP048,2026-02-04,07:46:00,17:06:00,present,0
EMP049,2026-02-04,08:23:00,17:00:00,late,0
EMP050,2026-02-04,07:45:00,17:06:00,present,0
EMP001,2026-02-05,07:48:00,17:03:00,present,0
EMP002,2026-02-05,07:45:00,17:09:00,present,0
EMP003,2026-02-05,07:47:00,18:43:00,present,96
EMP004,2026-02-05,08:08:00,20:32:00,present,205
EMP005,2026-02-05,09:14:00,17:04:00,late,0
EMP007,2026-02-05,08:01:00,17:09:00,present,0
EMP008,2026-02-05,07:46:00,18:59:00,present,119
EMP009,2026-02-05,08:09:00,18:20:00,present,77
EMP010,2026-02-05,07:42:00,17:01:00,present,0
EMP011,2026-02-05,08:01:00,17:08:00,present,0
EMP012,2026-02-05,09:15:00,17:06:00,late,0
EMP013,2026-02-05,,,absent,0
EMP014,2026-02-05,07:43:00,17:07:00,present,0
EMP015,2026-02-05,09:12:00,17:04:00,late,0
EMP016,2026-02-05,,,absent,0
EMP017,2026-02-05,07:53:00,17:06:00,present,0
EMP018,2026-02-05,,,absent,0
EMP019,2026-02-05,08:03:00,17:03:00,present,0
EMP020,2026-02-05,07:38:00,17:08:00,present,0
EMP022,2026-02-05,07:59:00,17:07:00,present,0
EMP022,2026-02-05,07:59:00,17:07:00,present,0
EMP023,2026-02-05,07:47:00,17:05:00,present,0
EMP025,2026-02-05,,,absent,0
EMP026,2026-02-05,,,absent,0
EMP027,2026-02-05,,,absent,0
EMP028,2026-02-05,07:39:00,17:01:00,present,0
EMP029,2026-02-05,07:45:00,18:36:00,present,95
EMP032,2026-02-05,08:09:00,17:06:00,present,0
EMP033,2026-02-05,07:46:00,18:58:00,present,113
EMP035,2026-02-05,07:52:00,17:05:00,present,0
EMP038,2026-02-05,08:06:00,17:01:00,present,0
EMP039,2026-02-05,07:45:00,17:01:00,present,0
EMP040,2026-02-05,07:43:00,17:10:00,present,0
EMP041,2026-02-05,08:05:00,17:41:00,present,32
EMP042,2026-02-05,07:49:00,17:00:00,present,0
EMP043,2026-02-05,07:54:00,17:06:00,present,0
EMP044,2026-02-05,07:58:00,17:03:00,present,0
EMP045,2026-02-05,08:03:00,17:04:00,present,0
EMP046,2026-02-05,08:01:00,17:00:00,present,0
EMP047,2026-02-05,07:48:00,17:10:00,present,0
EMP048,2026-02-05,09:04:00,17:02:00,late,0
EMP049,2026-02-05,08:40:00,17:51:00,late,48
EMP050,2026-02-05,07:48:00,18:26:00,present,80
EMP001,2026-02-06,07:50:00,17:09:00,present,0
EMP002,2026-02-06,07:47:00,20:04:00,present,183
EMP003,2026-02-06,08:05:00,17:06:00,present,0
EMP004,2026-02-06,07:36:00,17:01:00,present,0
EMP005,2026-02-06,08:38:00,17:07:00,late,0
EMP007,2026-02-06,08:05:00,17:54:00,present,47
EMP008,2026-02-06,,,absent,0
EMP009,2026-02-06,07:58:00,17:06:00,present,0
EMP010,2026-02-06,07:39:00,17:00:00,present,0
EMP011,2026-02-06,07:45:00,19:55:00,present,171
EMP012,2026-02-06,09:37:00,17:00:00,late,0
EMP013,2026-02-06,07:50:00,17:05:00,present,0
EMP014,2026-02-06,07:44:00,17:07:00,present,0
EMP015,2026-02-06,07:45:00,17:51:00,present,41
EMP016,2026-02-06,07:40:00,17:03:00,present,0
EMP017,2026-02-06,07:54:00,17:08:00,present,0
EMP018,2026-02-06,08:01:00,17:01:00,present,0
EMP019,2026-02-06,07:44:00,17:03:00,present,0
EMP020,2026-02-06,08:06:00,17:44:00,present,38
EMP022,2026-02-06,07:45:00,17:02:00,present,0
EMP023,2026-02-06,07:42:00,17:03:00,present,0
EMP025,2026-02-06,07:47:00,17:06:00,present,0
EMP026,2026-02-06,07:45:00,17:06:00,present,0
EMP027,2026-02-06,,,absent,0
EMP028,2026-02-06,08:06:00,,present,0
EMP029,2026-02-06,07:37:00,18:36:00,present,96
EMP032,2026-02-06,09:18:00,17:05:00,late,0
EMP033,2026-02-06,07:56:00,17:03:00,present,0
EMP035,2026-02-06,07:38:00,17:05:00,present,0
EMP035,2026-02-06,07:38:00,17:05:00,present,0
EMP038,2026-02-06,08:00:00,17:02:00,present,0
EMP039,2026-02-06,07:50:00,17:09:00,present,0
EMP040,2026-02-06,07:47:00,18:56:00,present,111
EMP041,2026-02-06,07:55:00,17:03:00,present,0
EMP042,2026-02-06,07:40:00,17:07:00,present,0
EMP043,2026-02-06,07:59:00,17:03:00,present,0
EMP044,2026-02-06,08:07:00,18:34:00,present,93
EMP045,2026-02-06,08:04:00,19:55:00,present,174
EMP046,2026-02-06,07:45:00,17:01:00,present,0
EMP047,2026-02-06,,,absent,0
EMP048,2026-02-06,09:05:00,17:03:00,late,0
EMP049,2026-02-06,07:43:00,17:10:00,present,0
EMP050,2026-02-06,07:49:00,17:09:00,present,0
EMP001,2026-02-09,07:59:00,17:08:00,present,0
EMP002,2026-02-09,07:51:00,18:23:00,present,82
EMP003,2026-02-09,07:42:00,17:05:00,present,0
EMP004,2026-02-09,,,absent,0
EMP005,2026-02-09,07:59:00,17:05:00,present,0
EMP007,2026-02-09,07:43:00,17:09:00,present,0
EMP008,2026-02-09,,,absent,0
EMP009,2026-02-09,07:55:00,19:18:00,present,135
EMP010,2026-02-09,07:44:00,17:00:00,present,0
EMP011,2026-02-09,07:42:00,21:09:00,present,240
EMP012,2026-02-09,09:04:00,18:14:00,late,72
EMP013,2026-02-09,07:49:00,17:00:00,present,0
EMP014,2026-02-09,08:00:00,17:10:00,present,0
EMP015,2026-02-09,,,absent,0
EMP016,2026-02-09,08:05:00,17:06:00,present,0
EMP017,2026-02-09,07:47:00,17:08:00,present,0
EMP018,2026-02-09,07:38:00,17:04:00,present,0
EMP019,2026-02-09,08:05:00,17:02:00,present,0
EMP020,2026-02-09,07:58:00,17:09:00,present,0
EMP022,2026-02-09,07:59:00,17:06:00,present,0
EMP023,2026-02-09,07:57:00,17:02:00,present,0
EMP025,2026-02-09,07:56:00,17:02:00,present,0
EMP026,2026-02-09,07:50:00,17:04:00,present,0
EMP027,2026-02-09,07:40:00,17:10:00,present,0
EMP028,2026-02-09,07:35:00,17:01:00,present,0
EMP029,2026-02-09,07:49:00,18:52:00,present,103
EMP032,2026-02-09,07:59:00,17:10:00,present,0
EMP033,2026-02-09,07:55:00,18:40:00,present,98
EMP035,2026-02-09,08:09:00,17:08:00,present,0
EMP038,2026-02-09,07:42:00,17:03:00,present,0
EMP039,2026-02-09,07:46:00,18:32:00,present,87
EMP040,2026-02-09,07:45:00,18:02:00,present,62
EMP041,2026-02-09,08:09:00,,present,0
EMP042,2026-02-09,08:08:00,17:04:00,present,0
EMP043,2026-02-09,07:55:00,17:05:00,present,0
EMP044,2026-02-09,07:37:00,17:03:00,present,0
EMP045,2026-02-09,07:43:00,17:05:00,present,0
EMP046,2026-02-09,08:10:00,19:47:00,present,157
EMP047,2026-02-09,07:51:00,17:02:00,present,0
EMP048,2026-02-09,07:47:00,17:09:00,present,0
EMP049,2026-02-09,07:44:00,17:06:00,present,0
EMP050,2026-02-09,07:52:00,18:38:00,present,88
EMP001,2026-02-10,07:58:00,17:04:00,present,0
EMP002,2026-02-10,07:41:00,19:02:00,present,116
EMP003,2026-02-10,08:08:00,17:07:00,present,0
EMP004,2026-02-10,07:53:00,17:00:00,present,0
EMP005,2026-02-10,09:24:00,17:06:00,late,0
EMP007,2026-02-10,,,absent,0
EMP008,2026-02-10,07:44:00,17:09:00,present,0
EMP009,2026-02-10,07:58:00,17:09:00,present,0
EMP010,2026-02-10,07:57:00,17:08:00,present,0
EMP011,2026-02-10,07:49:00,18:26:00,present,82
EMP012,2026-02-10,09:49:00,17:01:00,late,0
EMP013,2026-02-10,08:10:00,17:00:00,present,0
EMP014,2026-02-10,07:43:00,17:08:00,present,0
EMP015,2026-02-10,08:17:00,17:00:00,late,0
EMP016,2026-02-10,09:23:00,17:00:00,late,0
EMP017,2026-02-10,08:08:00,17:02:00,present,0
EMP018,2026-02-10,07:38:00,17:06:00,present,0
EMP019,2026-02-10,07:50:00,17:01:00,present,0
EMP020,2026-02-10,09:28:00,17:04:00,late,0
EMP022,2026-02-10,07:37:00,17:09:00,present,0
EMP023,2026-02-10,,,absent,0
EMP025,2026-02-10,07:54:00,17:00:00,present,0
EMP026,2026-02-10,07:35:00,17:07:00,present,0
EMP027,2026-02-10,08:06:00,18:58:00,present,114
EMP028,2026-02-10,08:02:00,17:08:00,present,0
EMP029,2026-02-10,08:03:00,17:05:00,present,0
EMP032,2026-02-10,07:42:00,17:00:00,present,0
EMP033,2026-02-10,07:37:00,17:03:00,present,0
EMP035,2026-02-10,07:42:00,17:08:00,present,0
EMP038,2026-02-10,08:00:00,17:06:00,present,0
EMP039,2026-02-10,07:43:00,17:08:00,present,0
EMP040,2026-02-10,07:56:00,17:09:00,present,0
EMP041,2026-02-10,08:06:00,18:27:00,present,84
EMP042,2026-02-10,07:52:00,17:04:00,present,0
EMP043,2026-02-10,07:47:00,17:01:00,present,0
EMP044,2026-02-10,07:44:00,17:02:00,present,0
EMP045,2026-02-10,07:44:00,17:01:00,present,0
EMP046,2026-02-10,07:49:00,19:56:00,present,169
EMP047,2026-02-10,07:42:00,19:16:00,present,131
EMP048,2026-02-10,08:16:00,18:14:00,late,71
EMP049,2026-02-10,07:51:00,17:05:00,present,0
EMP050,2026-02-10,08:10:00,17:05:00,present,0
EMP001,2026-02-11,08:08:00,17:03:00,present,0
EMP002,2026-02-11,07:41:00,20:35:00,present,214
EMP003,2026-02-11,07:47:00,19:55:00,present,174
EMP004,2026-02-11,08:05:00,17:02:00,present,0
EMP005,2026-02-11,09:27:00,17:05:00,late,0
EMP007,2026-02-11,07:39:00,17:08:00,present,0
EMP008,2026-02-11,,,absent,0
EMP009,2026-02-11,07:43:00,20:24:00,present,204
EMP010,2026-02-11,08:00:00,17:08:00,present,0
EMP011,2026-02-11,08:07:00,19:45:00,present,159
EMP012,2026-02-11,,,absent,0
EMP013,2026-02-11,07:35:00,17:08:00,present,0
EMP014,2026-02-11,07:54:00,17:04:00,present,0
EMP015,2026-02-11,08:46:00,17:10:00,late,0
EMP016,2026-02-11,08:22:00,17:03:00,late,0
EMP017,2026-02-11,07:57:00,17:05:00,present,0
EMP018,2026-02-11,07:51:00,17:06:00,present,0
EMP019,2026-02-11,07:35:00,17:03:00,present,0
EMP020,2026-02-11,09:30:00,17:06:00,late,0
EMP022,2026-02-11,08:10:00,17:07:00,present,0
EMP023,2026-02-11,08:00:00,17:03:00,present,0
EMP025,2026-02-11,08:05:00,18:00:00,present,53
EMP026,2026-02-11,08:06:00,17:02:00,present,0
EMP027,2026-02-11,09:06:00,17:03:00,late,0
EMP028,2026-02-11,08:00:00,17:08:00,present,0
EMP029,2026-02-11,,,absent,0
EMP032,2026-02-11,07:42:00,17:10:00,present,0
EMP033,2026-02-11,07:52:00,17:10:00,present,0
EMP035,2026-02-11,,,absent,0
EMP038,2026-02-11,08:09:00,17:05:00,present,0
EMP039,2026-02-11,08:03:00,17:04:00,present,0
EMP040,2026-02-11,07:52:00,17:01:00,present,0
EMP041,2026-02-11,07:41:00,17:06:00,present,0
EMP042,2026-02-11,,,absent,0
EMP043,2026-02-11,07:44:00,17:04:00,present,0
EMP044,2026-02-11,07:42:00,17:01:00,present,0
EMP045,2026-02-11,07:39:00,17:01:00,present,0
EMP046,2026-02-11,08:08:00,18:56:00,present,106
EMP047,2026-02-11,07:53:00,18:30:00,present,86
EMP048,2026-02-11,07:39:00,17:02:00,present,0
EMP049,2026-02-11,08:05:00,17:01:00,present,0
EMP050,2026-02-11,07:40:00,18:34:00,present,92
EMP001,2026-02-12,08:05:00,17:06:00,present,0
EMP002,2026-02-12,07:50:00,20:27:00,present,200
EMP003,2026-02-12,07:49:00,20:34:00,present,208
EMP004,2026-02-12,07:49:00,17:00:00,present,0
EMP005,2026-02-12,07:43:00,17:00:00,present,0
EMP007,2026-02-12,07:43:00,17:02:00,present,0
EMP008,2026-02-12,08:01:00,18:57:00,present,117
EMP009,2026-02-12,07:44:00,18:12:00,present,66
EMP010,2026-02-12,07:39:00,17:09:00,present,0
EMP011,2026-02-12,07:40:00,18:12:00,present,63
EMP012,2026-02-12,08:33:00,17:04:00,late,0
EMP013,2026-02-12,07:35:00,17:02:00,present,0
EMP014,2026-02-12,07:46:00,17:00:00,present,0
EMP015,2026-02-12,07:51:00,17:08:00,present,0
EMP016,2026-02-12,08:27:00,17:02:00,late,0
EMP017,2026-02-12,08:00:00,17:08:00,present,0
EMP018,2026-02-12,08:05:00,17:10:00,present,0
EMP019,2026-02-12,07:58:00,17:03:00,present,0
EMP020,2026-02-12,07:56:00,18:08:00,present,66
EMP022,2026-02-12,07:54:00,17:03:00,present,0
EMP023,2026-02-12,07:37:00,17:07:00,present,0
EMP025,2026-02-12,07:35:00,17:04:00,present,0
EMP026,2026-02-12,08:00:00,17:02:00,present,0
EMP027,2026-02-12,07:41:00,17:02:00,present,0
EMP028,2026-02-12,07:37:00,17:02:00,present,0
EMP029,2026-02-12,07:49:00,17:10:00,present,0
EMP032,2026-02-12,08:08:00,17:09:00,present,0
EMP033,2026-02-12,07:43:00,17:05:00,present,0
EMP035,2026-02-12,07:59:00,17:09:00,present,0
EMP038,2026-02-12,08:06:00,17:33:00,present,31
EMP039,2026-02-12,07:40:00,17:07:00,present,0
EMP040,2026-02-12,07:52:00,17:05:00,present,0
EMP041,2026-02-12,07:51:00,17:04:00,present,0
EMP042,2026-02-12,07:42:00,17:07:00,present,0
EMP043,2026-02-12,07:43:00,17:08:00,present,0
EMP044,2026-02-12,08:01:00,17:04:00,present,0
EMP045,2026-02-12,07:38:00,,present,0
EMP046,2026-02-12,07:45:00,17:03:00,present,0
EMP047,2026-02-12,08:04:00,17:07:00,present,0
EMP048,2026-02-12,08:00:00,17:03:00,present,0
EMP049,2026-02-12,07:48:00,17:07:00,present,0
EMP050,2026-02-12,08:05:00,18:59:00,present,114
EMP001,2026-02-13,07:38:00,17:05:00,present,0
EMP002,2026-02-13,07:48:00,17:10:00,present,0
EMP003,2026-02-13,07:44:00,19:44:00,present,163
EMP004,2026-02-13,08:08:00,19:08:00,present,126
EMP005,2026-02-13,08:54:00,17:05:00,late,0
EMP007,2026-02-13,07:45:00,17:06:00,present,0
EMP008,2026-02-13,07:35:00,17:03:00,present,0
EMP009,2026-02-13,07:55:00,17:05:00,present,0
EMP010,2026-02-13,08:06:00,17:01:00,present,0
EMP011,2026-02-13,07:35:00,17:02:00,present,0
EMP012,2026-02-13,09:51:00,17:06:00,late,0
EMP013,2026-02-13,07:48:00,17:03:00,present,0
EMP014,2026-02-13,,,absent,0
EMP015,2026-02-13,08:55:00,17:01:00,late,0
EMP016,2026-02-13,07:57:00,17:06:00,present,0
EMP017,2026-02-13,07:46:00,17:05:00,present,0
EMP018,2026-02-13,07:59:00,17:10:00,present,0
EMP019,2026-02-13,07:41:00,17:01:00,present,0
EMP020,2026-02-13,09:25:00,18:34:00,late,86
EMP022,2026-02-13,08:01:00,17:07:00,present,0
EMP023,2026-02-13,07:42:00,17:07:00,present,0
EMP025,2026-02-13,08:00:00,18:20:00,present,77
EMP026,2026-02-13,07:54:00,17:06:00,present,0
EMP026,2026-02-13,07:54:00,17:06:00,present,0
EMP027,2026-02-13,08:19:00,17:05:00,late,0
EMP028,2026-02-13,07:55:00,17:09:00,present,0
EMP029,2026-02-13,07:47:00,17:06:00,present,0
EMP032,2026-02-13,09:05:00,17:02:00,late,0
EMP033,2026-02-13,07:49:00,17:54:00,present,46
EMP035,2026-02-13,07:51:00,17:02:00,present,0
EMP038,2026-02-13,08:02:00,18:47:00,present,105
EMP039,2026-02-13,07:40:00,17:00:00,present,0
EMP040,2026-02-13,07:57:00,17:10:00,present,0
EMP041,2026-02-13,07:50:00,17:06:00,present,0
EMP042,2026-02-13,07:44:00,17:10:00,present,0
EMP043,2026-02-13,07:42:00,17:04:00,present,0
EMP044,2026-02-13,07:58:00,17:03:00,present,0
EMP045,2026-02-13,,,absent,0
EMP046,2026-02-13,07:39:00,19:53:00,present,167
EMP047,2026-02-13,07:45:00,18:04:00,present,62
EMP048,2026-02-13,08:59:00,17:07:00,late,0
EMP049,2026-02-13,,,absent,0
EMP050,2026-02-13,07:51:00,17:00:00,present,0
EMP001,2026-02-16,07:48:00,17:01:00,present,0
EMP002,2026-02-16,07:40:00,17:04:00,present,0
EMP003,2026-02-16,08:10:00,17:07:00,present,0
EMP004,2026-02-16,07:51:00,20:59:00,present,235
EMP005,2026-02-16,07:45:00,17:07:00,present,0
EMP007,2026-02-16,07:52:00,17:09:00,present,0
EMP008,2026-02-16,07:57:00,20:42:00,present,221
EMP009,2026-02-16,07:51:00,17:10:00,present,0
EMP010,2026-02-16,07:42:00,17:05:00,present,0
EMP011,2026-02-16,07:48:00,17:05:00,present,0
EMP012,2026-02-16,,,absent,0
EMP013,2026-02-16,08:04:00,17:05:00,present,0
EMP014,2026-02-16,07:48:00,17:01:00,present,0
EMP015,2026-02-16,07:39:00,17:10:00,present,0
EMP016,2026-02-16,08:41:00,18:40:00,late,93
EMP017,2026-02-16,08:03:00,17:05:00,present,0
EMP018,2026-02-16,,,absent,0
EMP019,2026-02-16,,,absent,0
EMP020,2026-02-16,07:35:00,17:04:00,present,0
EMP022,2026-02-16,08:09:00,17:00:00,present,0
EMP023,2026-02-16,08:01:00,17:04:00,present,0
EMP025,2026-02-16,07:55:00,17:00:00,present,0
EMP026,2026-02-16,07:42:00,17:09:00,present,0
EMP027,2026-02-16,08:57:00,17:06:00,late,0
EMP028,2026-02-16,07:58:00,17:08:00,present,0
EMP029,2026-02-16,07:51:00,17:00:00,present,0
EMP032,2026-02-16,09:04:00,17:02:00,late,0
EMP033,2026-02-16,07:55:00,17:09:00,present,0
EMP035,2026-02-16,08:03:00,17:08:00,present,0
EMP038,2026-02-16,07:52:00,17:07:00,present,0
EMP039,2026-02-16,07:40:00,17:03:00,present,0
EMP040,2026-02-16,07:39:00,18:33:00,present,93
EMP041,2026-02-16,07:59:00,17:01:00,present,0
EMP042,2026-02-16,08:07:00,17:04:00,present,0
EMP043,2026-02-16,07:41:00,17:03:00,present,0
EMP044,2026-02-16,08:07:00,17:06:00,present,0
EMP045,2026-02-16,07:54:00,17:01:00,present,0
EMP046,2026-02-16,07:50:00,19:59:00,present,177
EMP047,2026-02-16,07:57:00,20:21:00,present,200
EMP048,2026-02-16,07:56:00,18:09:00,present,64
EMP049,2026-02-16,07:53:00,17:02:00,present,0
EMP050,2026-02-16,08:02:00,18:22:00,present,72
EMP001,2026-02-17,07:37:00,17:03:00,present,0
EMP002,2026-02-17,08:00:00,18:28:00,present,85
EMP003,2026-02-17,07:48:00,18:57:00,present,112
EMP004,2026-02-17,07:35:00,20:17:00,present,188
EMP005,2026-02-17,08:56:00,17:02:00,late,0
EMP007,2026-02-17,07:35:00,17:06:00,present,0
EMP008,2026-02-17,07:39:00,18:11:00,present,62
EMP009,2026-02-17,,,absent,0
EMP010,2026-02-17,08:05:00,17:00:00,present,0
EMP011,2026-02-17,08:08:00,17:01:00,present,0
EMP012,2026-02-17,09:00:00,17:04:00,late,0
EMP013,2026-02-17,07:57:00,17:05:00,present,0
EMP014,2026-02-17,08:05:00,17:10:00,present,0
EMP015,2026-02-17,07:49:00,17:02:00,present,0
EMP016,2026-02-17,08:02:00,17:01:00,present,0
EMP017,2026-02-17,07:52:00,17:10:00,present,0
EMP018,2026-02-17,08:08:00,17:10:00,present,0
EMP019,2026-02-17,07:52:00,17:00:00,present,0
EMP020,2026-02-17,09:14:00,17:05:00,late,0
EMP022,2026-02-17,07:44:00,17:02:00,present,0
EMP023,2026-02-17,07:45:00,17:04:00,present,0
EMP025,2026-02-17,07:48:00,17:09:00,present,0
EMP026,2026-02-17,,,absent,0
EMP027,2026-02-17,07:38:00,17:05:00,present,0
EMP028,2026-02-17,08:10:00,17:01:00,present,0
EMP029,2026-02-17,08:02:00,17:01:00,present,0
EMP032,2026-02-17,09:05:00,17:01:00,late,0
EMP033,2026-02-17,07:46:00,17:10:00,present,0
EMP035,2026-02-17,07:47:00,17:06:00,present,0
EMP038,2026-02-17,08:04:00,17:06:00,present,0
EMP039,2026-02-17,08:08:00,17:05:00,present,0
EMP040,2026-02-17,07:57:00,17:06:00,present,0
EMP041,2026-02-17,07:36:00,17:06:00,present,0
EMP042,2026-02-17,07:50:00,17:05:00,present,0
EMP043,2026-02-17,07:53:00,18:22:00,present,80
EMP044,2026-02-17,08:08:00,17:00:00,present,0
EMP045,2026-02-17,07:41:00,18:28:00,present,84
EMP046,2026-02-17,07:42:00,17:00:00,present,0
EMP047,2026-02-17,08:06:00,21:02:00,present,232
EMP048,2026-02-17,07:35:00,17:09:00,present,0
EMP049,2026-02-17,,,absent,0
EMP050,2026-02-17,07:42:00,17:01:00,present,0
EMP001,2026-02-18,07:38:00,17:04:00,present,0
EMP002,2026-02-18,08:09:00,20:46:00,present,216
EMP003,2026-02-18,07:44:00,17:10:00,present,0
EMP004,2026-02-18,07:47:00,17:10:00,present,0
EMP005,2026-02-18,09:05:00,17:01:00,late,0
EMP007,2026-02-18,07:53:00,17:09:00,present,0
EMP008,2026-02-18,08:03:00,19:32:00,present,150
EMP009,2026-02-18,07:45:00,20:11:00,present,188
EMP010,2026-02-18,07:39:00,17:02:00,present,0
EMP011,2026-02-18,07:43:00,20:52:00,present,228
EMP012,2026-02-18,09:16:00,17:02:00,late,0
EMP013,2026-02-18,08:08:00,17:05:00,present,0
EMP014,2026-02-18,08:00:00,17:35:00,present,33
EMP015,2026-02-18,07:55:00,17:03:00,present,0
EMP016,2026-02-18,08:01:00,17:00:00,present,0
EMP017,2026-02-18,07:39:00,17:05:00,present,0
EMP018,2026-02-18,07:55:00,17:07:00,present,0
EMP019,2026-02-18,07:47:00,17:07:00,present,0
EMP020,2026-02-18,09:23:00,17:03:00,late,0
EMP022,2026-02-18,07:41:00,17:02:00,present,0
EMP023,2026-02-18,08:09:00,17:05:00,present,0
EMP025,2026-02-18,08:08:00,17:03:00,present,0
EMP026,2026-02-18,08:10:00,17:01:00,present,0
EMP027,2026-02-18,07:43:00,17:04:00,present,0
EMP028,2026-02-18,08:09:00,17:03:00,present,0
EMP029,2026-02-18,07:59:00,17:01:00,present,0
EMP032,2026-02-18,07:50:00,17:09:00,present,0
EMP033,2026-02-18,07:42:00,17:04:00,present,0
EMP035,2026-02-18,07:47:00,17:00:00,present,0
EMP038,2026-02-18,07:38:00,17:01:00,present,0
EMP039,2026-02-18,07:37:00,17:01:00,present,0
EMP040,2026-02-18,07:40:00,17:07:00,present,0
EMP041,2026-02-18,07:37:00,17:03:00,present,0
EMP042,2026-02-18,07:49:00,17:37:00,present,37
EMP043,2026-02-18,07:59:00,17:00:00,present,0
EMP044,2026-02-18,07:43:00,17:06:00,present,0
EMP045,2026-02-18,07:58:00,19:33:00,present,147
EMP046,2026-02-18,07:35:00,20:26:00,present,197
EMP047,2026-02-18,07:50:00,17:53:00,present,46
EMP048,2026-02-18,07:50:00,17:02:00,present,0
EMP049,2026-02-18,08:48:00,17:03:00,late,0
EMP050,2026-02-18,07:49:00,17:05:00,present,0
EMP001,2026-02-19,08:08:00,17:05:00,present,0
EMP002,2026-02-19,08:01:00,17:04:00,present,0
EMP003,2026-02-19,08:08:00,20:24:00,present,201
EMP004,2026-02-19,07:37:00,17:10:00,present,0
EMP005,2026-02-19,,,absent,0
EMP007,2026-02-19,07:52:00,17:06:00,present,0
EMP008,2026-02-19,07:59:00,17:06:00,present,0
EMP009,2026-02-19,08:02:00,17:00:00,present,0
EMP010,2026-02-19,,,absent,0
EMP011,2026-02-19,07:56:00,17:09:00,present,0
EMP012,2026-02-19,09:10:00,17:00:00,late,0
EMP013,2026-02-19,07:53:00,17:08:00,present,0
EMP014,2026-02-19,08:08:00,17:06:00,present,0
EMP015,2026-02-19,07:52:00,17:04:00,present,0
EMP016,2026-02-19,09:06:00,18:10:00,late,65
EMP017,2026-02-19,07:35:00,17:09:00,present,0
EMP018,2026-02-19,08:03:00,,present,0
EMP019,2026-02-19,08:10:00,17:00:00,present,0
EMP020,2026-02-19,07:39:00,17:04:00,present,0
EMP022,2026-02-19,07:43:00,17:02:00,present,0
EMP023,2026-02-19,07:42:00,17:02:00,present,0
EMP025,2026-02-19,07:37:00,17:03:00,present,0
EMP026,2026-02-19,07:51:00,17:08:00,present,0
EMP027,2026-02-19,09:12:00,17:01:00,late,0
EMP028,2026-02-19,08:01:00,18:28:00,present,84
EMP029,2026-02-19,07:56:00,17:10:00,present,0
EMP032,2026-02-19,09:03:00,17:58:00,late,49
EMP033,2026-02-19,08:07:00,17:08:00,present,0
EMP035,2026-02-19,07:59:00,17:00:00,present,0
EMP038,2026-02-19,07:40:00,17:03:00,present,0
EMP039,2026-02-19,08:01:00,17:01:00,present,0
EMP040,2026-02-19,08:05:00,17:08:00,present,0
EMP041,2026-02-19,07:53:00,17:05:00,present,0
EMP042,2026-02-19,08:04:00,17:01:00,present,0
EMP043,2026-02-19,08:01:00,17:05:00,present,0
EMP044,2026-02-19,08:05:00,17:07:00,present,0
EMP045,2026-02-19,07:43:00,17:06:00,present,0
EMP046,2026-02-19,07:53:00,18:31:00,present,90
EMP047,2026-02-19,08:06:00,17:02:00,present,0
EMP048,2026-02-19,09:26:00,17:07:00,late,0
EMP049,2026-02-19,07:45:00,17:02:00,present,0
EMP050,2026-02-19,08:02:00,19:50:00,present,162
EMP001,2026-02-20,07:56:00,17:09:00,present,0
EMP002,2026-02-20,07:57:00,17:10:00,present,0
EMP003,2026-02-20,08:05:00,17:09:00,present,0
EMP004,2026-02-20,07:35:00,17:10:00,present,0
EMP005,2026-02-20,07:52:00,17:01:00,present,0
EMP007,2026-02-20,08:08:00,17:09:00,present,0
EMP008,2026-02-20,07:59:00,18:47:00,present,105
EMP009,2026-02-20,07:48:00,17:09:00,present,0
EMP010,2026-02-20,07:53:00,17:07:00,present,0
EMP011,2026-02-20,07:51:00,17:03:00,present,0
EMP012,2026-02-20,08:09:00,17:09:00,present,0
EMP013,2026-02-20,07:47:00,17:38:00,present,33
EMP014,2026-02-20,08:03:00,17:07:00,present,0
EMP015,2026-02-20,08:03:00,17:07:00,present,0
EMP016,2026-02-20,07:42:00,17:01:00,present,0
EMP017,2026-02-20,07:45:00,17:04:00,present,0
EMP018,2026-02-20,07:39:00,17:05:00,present,0
EMP019,2026-02-20,08:08:00,17:08:00,present,0
EMP020,2026-02-20,07:35:00,17:09:00,present,0
EMP022,2026-02-20,07:51:00,17:07:00,present,0
EMP023,2026-02-20,07:47:00,17:01:00,present,0
EMP025,2026-02-20,07:35:00,17:07:00,present,0
EMP026,2026-02-20,08:01:00,17:09:00,present,0
EMP027,2026-02-20,07:46:00,17:03:00,present,0
EMP028,2026-02-20,08:00:00,17:08:00,present,0
EMP029,2026-02-20,07:53:00,17:07:00,present,0
EMP032,2026-02-20,07:55:00,17:05:00,present,0
EMP033,2026-02-20,08:05:00,17:07:00,present,0
EMP035,2026-02-20,,,absent,0
EMP038,2026-02-20,07:48:00,17:06:00,present,0
EMP039,2026-02-20,07:55:00,17:07:00,present,0
EMP040,2026-02-20,08:06:00,17:05:00,present,0
EMP041,2026-02-20,07:49:00,17:02:00,present,0
EMP042,2026-02-20,07:56:00,17:08:00,present,0
EMP043,2026-02-20,07:40:00,17:05:00,present,0
EMP044,2026-02-20,07:38:00,17:05:00,present,0
EMP045,2026-02-20,08:00:00,17:02:00,present,0
EMP046,2026-02-20,07:50:00,17:40:00,present,32
EMP047,2026-02-20,07:45:00,18:09:00,present,66
EMP048,2026-02-20,07:59:00,17:02:00,present,0
EMP049,2026-02-20,09:20:00,17:06:00,late,0
EMP050,2026-02-20,07:44:00,20:36:00,present,210
EMP001,2026-02-23,07:55:00,17:00:00,present,0
EMP002,2026-02-23,08:05:00,19:50:00,present,169
EMP003,2026-02-23,07:53:00,17:03:00,present,0
EMP004,2026-02-23,07:58:00,17:07:00,present,0
EMP005,2026-02-23,09:03:00,17:01:00,late,0
EMP007,2026-02-23,07:40:00,17:54:00,present,51
EMP008,2026-02-23,07:44:00,17:08:00,present,0
EMP009,2026-02-23,08:06:00,19:24:00,present,139
EMP010,2026-02-23,08:01:00,17:04:00,present,0
EMP011,2026-02-23,08:09:00,17:03:00,present,0
EMP012,2026-02-23,08:08:00,17:49:00,present,43
EMP013,2026-02-23,07:45:00,17:01:00,present,0
EMP014,2026-02-23,07:37:00,17:07:00,present,0
EMP015,2026-02-23,08:10:00,17:00:00,present,0
EMP016,2026-02-23,07:52:00,17:09:00,present,0
EMP017,2026-02-23,07:53:00,17:03:00,present,0
EMP018,2026-02-23,07:51:00,17:03:00,present,0
EMP019,2026-02-23,07:43:00,,present,0
EMP020,2026-02-23,08:16:00,17:03:00,late,0
EMP022,2026-02-23,07:41:00,18:38:00,present,89
EMP023,2026-02-23,07:49:00,17:00:00,present,0
EMP025,2026-02-23,08:02:00,17:04:00,present,0
EMP026,2026-02-23,08:10:00,17:10:00,present,0
EMP027,2026-02-23,08:38:00,17:01:00,late,0
EMP028,2026-02-23,07:59:00,17:09:00,present,0
EMP029,2026-02-23,08:05:00,17:00:00,present,0
EMP032,2026-02-23,07:44:00,17:07:00,present,0
EMP033,2026-02-23,07:38:00,17:07:00,present,0
EMP035,2026-02-23,07:42:00,17:06:00,present,0
EMP038,2026-02-23,07:54:00,17:05:00,present,0
EMP039,2026-02-23,07:45:00,17:04:00,present,0
EMP040,2026-02-23,08:06:00,17:04:00,present,0
EMP041,2026-02-23,07:57:00,17:05:00,present,0
EMP042,2026-02-23,08:02:00,17:08:00,present,0
EMP043,2026-02-23,07:58:00,17:00:00,present,0
EMP044,2026-02-23,07:54:00,17:05:00,present,0
EMP045,2026-02-23,,,absent,0
EMP046,2026-02-23,07:52:00,17:04:00,present,0
EMP047,2026-02-23,07:36:00,17:09:00,present,0
EMP048,2026-02-23,08:09:00,17:00:00,present,0
EMP049,2026-02-23,07:46:00,17:02:00,present,0
EMP050,2026-02-23,08:03:00,17:50:00,present,42
EMP001,2026-02-24,07:36:00,17:10:00,present,0
EMP002,2026-02-24,07:58:00,17:06:00,present,0
EMP003,2026-02-24,07:47:00,17:04:00,present,0
EMP004,2026-02-24,07:47:00,17:10:00,present,0
EMP005,2026-02-24,,,absent,0
EMP007,2026-02-24,07:57:00,17:07:00,present,0
EMP008,2026-02-24,08:04:00,18:25:00,present,83
EMP009,2026-02-24,07:36:00,17:03:00,present,0
EMP010,2026-02-24,07:50:00,17:10:00,present,0
EMP011,2026-02-24,07:43:00,19:41:00,present,157
EMP012,2026-02-24,08:40:00,17:03:00,late,0
EMP013,2026-02-24,07:51:00,18:24:00,present,75
EMP014,2026-02-24,07:45:00,18:50:00,present,104
EMP015,2026-02-24,07:53:00,17:08:00,present,0
EMP016,2026-02-24,07:48:00,17:07:00,present,0
EMP017,2026-02-24,07:46:00,17:07:00,present,0
EMP018,2026-02-24,07:37:00,17:01:00,present,0
EMP019,2026-02-24,,,absent,0
EMP020,2026-02-24,08:28:00,17:05:00,late,0
EMP022,2026-02-24,07:36:00,17:09:00,present,0
EMP023,2026-02-24,08:00:00,17:03:00,present,0
EMP025,2026-02-24,08:00:00,17:03:00,present,0
EMP026,2026-02-24,08:01:00,17:04:00,present,0
EMP027,2026-02-24,,,absent,0
EMP028,2026-02-24,07:54:00,17:08:00,present,0
EMP029,2026-02-24,07:43:00,17:00:00,present,0
EMP032,2026-02-24,08:04:00,,present,0
EMP033,2026-02-24,07:54:00,17:02:00,present,0
EMP035,2026-02-24,07:50:00,17:08:00,present,0
EMP038,2026-02-24,07:57:00,18:50:00,present,100
EMP039,2026-02-24,07:59:00,17:03:00,present,0
EMP040,2026-02-24,07:43:00,17:05:00,present,0
EMP041,2026-02-24,08:02:00,17:08:00,present,0
EMP042,2026-02-24,07:36:00,17:09:00,present,0
EMP043,2026-02-24,08:07:00,17:09:00,present,0
EMP044,2026-02-24,07:49:00,17:03:00,present,0
EMP045,2026-02-24,07:59:00,17:04:00,present,0
EMP046,2026-02-24,07:51:00,17:02:00,present,0
EMP047,2026-02-24,07:40:00,18:35:00,present,85
EMP048,2026-02-24,,,absent,0
EMP049,2026-02-24,07:59:00,17:00:00,present,0
EMP050,2026-02-24,07:38:00,19:16:00,present,126
EMP001,2026-02-25,08:07:00,17:07:00,present,0
EMP002,2026-02-25,07:42:00,17:08:00,present,0
EMP003,2026-02-25,07:35:00,20:35:00,present,211
EMP004,2026-02-25,08:04:00,17:00:00,present,0
EMP005,2026-02-25,07:58:00,17:05:00,present,0
EMP007,2026-02-25,,,absent,0
EMP008,2026-02-25,07:53:00,18:11:00,present,64
EMP009,2026-02-25,07:57:00,17:06:00,present,0
EMP010,2026-02-25,07:44:00,17:06:00,present,0
EMP011,2026-02-25,07:50:00,17:08:00,present,0
EMP012,2026-02-25,09:33:00,17:10:00,late,0
EMP013,2026-02-25,07:40:00,17:10:00,present,0
EMP014,2026-02-25,,,absent,0
EMP015,2026-02-25,08:26:00,17:06:00,late,0
EMP016,2026-02-25,08:07:00,17:03:00,present,0
EMP017,2026-02-25,07:48:00,17:06:00,present,0
EMP018,2026-02-25,08:07:00,17:09:00,present,0
EMP019,2026-02-25,07:35:00,17:00:00,present,0
EMP020,2026-02-25,07:55:00,17:58:00,present,58
EMP022,2026-02-25,08:04:00,17:10:00,present,0
EMP023,2026-02-25,08:10:00,17:05:00,present,0
EMP025,2026-02-25,08:06:00,17:02:00,present,0
EMP026,2026-02-25,07:40:00,17:08:00,present,0
EMP027,2026-02-25,07:54:00,17:05:00,present,0
EMP028,2026-02-25,07:45:00,17:09:00,present,0
EMP029,2026-02-25,,,absent,0
EMP032,2026-02-25,08:06:00,17:06:00,present,0
EMP033,2026-02-25,07:42:00,18:00:00,present,57
EMP035,2026-02-25,07:45:00,17:06:00,present,0
EMP038,2026-02-25,07:52:00,17:05:00,present,0
EMP039,2026-02-25,07:55:00,17:08:00,present,0
EMP040,2026-02-25,08:04:00,17:07:00,present,0
EMP041,2026-02-25,07:35:00,17:05:00,present,0
EMP042,2026-02-25,07:41:00,17:10:00,present,0
EMP043,2026-02-25,07:36:00,17:02:00,present,0
EMP044,2026-02-25,08:01:00,17:05:00,present,0
EMP045,2026-02-25,07:40:00,18:56:00,present,106
EMP046,2026-02-25,07:45:00,17:03:00,present,0
EMP047,2026-02-25,07:55:00,18:16:00,present,76
EMP048,2026-02-25,07:50:00,17:07:00,present,0
EMP049,2026-02-25,08:36:00,,late,0
EMP050,2026-02-25,08:08:00,17:01:00,present,0
EMP001,2026-02-26,08:09:00,17:09:00,present,0
EMP002,2026-02-26,,,absent,0
EMP003,2026-02-26,07:38:00,19:41:00,present,161
EMP004,2026-02-26,08:03:00,17:02:00,present,0
EMP005,2026-02-26,07:45:00,17:10:00,present,0
EMP007,2026-02-26,07:48:00,17:05:00,present,0
EMP008,2026-02-26,08:06:00,17:05:00,present,0
EMP009,2026-02-26,07:51:00,17:02:00,present,0
EMP010,2026-02-26,07:58:00,17:04:00,present,0
EMP011,2026-02-26,07:54:00,17:04:00,present,0
EMP012,2026-02-26,09:05:00,17:03:00,late,0
EMP013,2026-02-26,07:35:00,17:08:00,present,0
EMP014,2026-02-26,07:45:00,17:10:00,present,0
EMP015,2026-02-26,08:06:00,17:08:00,present,0
EMP016,2026-02-26,07:39:00,17:04:00,present,0
EMP017,2026-02-26,07:42:00,17:05:00,present,0
EMP018,2026-02-26,07:35:00,17:08:00,present,0
EMP019,2026-02-26,07:37:00,17:01:00,present,0
EMP020,2026-02-26,08:09:00,17:00:00,present,0
EMP022,2026-02-26,07:46:00,17:10:00,present,0
EMP023,2026-02-26,07:46:00,17:04:00,present,0
EMP025,2026-02-26,07:39:00,17:02:00,present,0
EMP026,2026-02-26,08:05:00,17:08:00,present,0
EMP027,2026-02-26,09:17:00,17:01:00,late,0
EMP028,2026-02-26,08:06:00,17:00:00,present,0
EMP029,2026-02-26,08:03:00,17:03:00,present,0
EMP032,2026-02-26,07:51:00,17:09:00,present,0
EMP033,2026-02-26,08:05:00,17:10:00,present,0
EMP035,2026-02-26,07:52:00,17:08:00,present,0
EMP038,2026-02-26,07:46:00,17:05:00,present,0
EMP039,2026-02-26,07:46:00,18:35:00,present,85
EMP040,2026-02-26,08:09:00,17:03:00,present,0
EMP041,2026-02-26,08:07:00,17:08:00,present,0
EMP042,2026-02-26,07:48:00,17:02:00,present,0
EMP043,2026-02-26,07:45:00,17:09:00,present,0
EMP044,2026-02-26,08:05:00,17:06:00,present,0
EMP045,2026-02-26,08:05:00,17:05:00,present,0
EMP046,2026-02-26,07:55:00,17:06:00,present,0
EMP047,2026-02-26,07:38:00,17:02:00,present,0
EMP048,2026-02-26,,,absent,0
EMP049,2026-02-26,08:48:00,17:05:00,late,0
EMP050,2026-02-26,08:10:00,17:03:00,present,0
EMP001,2026-02-27,07:39:00,17:05:00,present,0
EMP002,2026-02-27,07:37:00,17:07:00,present,0
EMP003,2026-02-27,07:38:00,20:48:00,present,223
EMP004,2026-02-27,07:42:00,17:01:00,present,0
EMP005,2026-02-27,08:35:00,17:09:00,late,0
EMP007,2026-02-27,08:09:00,17:04:00,present,0
EMP008,2026-02-27,07:43:00,19:04:00,present,119
EMP009,2026-02-27,07:48:00,20:02:00,present,179
EMP010,2026-02-27,07:51:00,17:00:00,present,0
EMP011,2026-02-27,08:06:00,17:00:00,present,0
EMP012,2026-02-27,,,absent,0
EMP013,2026-02-27,07:37:00,17:05:00,present,0
EMP014,2026-02-27,07:39:00,17:09:00,present,0
EMP015,2026-02-27,09:21:00,17:01:00,late,0
EMP016,2026-02-27,08:25:00,17:06:00,late,0
EMP017,2026-02-27,07:44:00,17:01:00,present,0
EMP018,2026-02-27,08:02:00,17:06:00,present,0
EMP019,2026-02-27,07:36:00,17:06:00,present,0
EMP020,2026-02-27,08:09:00,17:10:00,present,0
EMP022,2026-02-27,07:44:00,17:02:00,present,0
EMP023,2026-02-27,,,absent,0
EMP025,2026-02-27,07:37:00,17:08:00,present,0
EMP026,2026-02-27,07:49:00,17:03:00,present,0
EMP027,2026-02-27,07:48:00,17:00:00,present,0
EMP028,2026-02-27,07:59:00,18:02:00,present,56
EMP029,2026-02-27,07:59:00,17:01:00,present,0
EMP032,2026-02-27,07:42:00,17:03:00,present,0
EMP033,2026-02-27,07:55:00,17:03:00,present,0
EMP035,2026-02-27,07:51:00,17:07:00,present,0
EMP038,2026-02-27,07:41:00,17:04:00,present,0
EMP039,2026-02-27,07:54:00,17:01:00,present,0
EMP040,2026-02-27,07:36:00,17:04:00,present,0
EMP041,2026-02-27,07:50:00,17:00:00,present,0
EMP042,2026-02-27,07:37:00,18:06:00,present,56
EMP043,2026-02-27,08:01:00,17:08:00,present,0
EMP044,2026-02-27,07:46:00,17:01:00,present,0
EMP045,2026-02-27,08:00:00,17:04:00,present,0
EMP046,2026-02-27,,,absent,0
EMP047,2026-02-27,,,absent,0
EMP048,2026-02-27,07:44:00,17:00:00,present,0
EMP049,2026-02-27,08:28:00,17:59:00,late,58
EMP050,2026-02-27,08:04:00,17:08:00,present,0
